-- MySQL dump 10.13  Distrib 8.0.15, for Win64 (x86_64)
--
-- Host: localhost    Database: foodie
-- ------------------------------------------------------
-- Server version	8.0.15

/*!40101 SET @OLD_CHARACTER_SET_CLIENT=@@CHARACTER_SET_CLIENT */;
/*!40101 SET @OLD_CHARACTER_SET_RESULTS=@@CHARACTER_SET_RESULTS */;
/*!40101 SET @OLD_COLLATION_CONNECTION=@@COLLATION_CONNECTION */;
 SET NAMES utf8mb4 ;
/*!40103 SET @OLD_TIME_ZONE=@@TIME_ZONE */;
/*!40103 SET TIME_ZONE='+00:00' */;
/*!40014 SET @OLD_UNIQUE_CHECKS=@@UNIQUE_CHECKS, UNIQUE_CHECKS=0 */;
/*!40014 SET @OLD_FOREIGN_KEY_CHECKS=@@FOREIGN_KEY_CHECKS, FOREIGN_KEY_CHECKS=0 */;
/*!40101 SET @OLD_SQL_MODE=@@SQL_MODE, SQL_MODE='NO_AUTO_VALUE_ON_ZERO' */;
/*!40111 SET @OLD_SQL_NOTES=@@SQL_NOTES, SQL_NOTES=0 */;

--
-- Table structure for table `allshop`
--

DROP TABLE IF EXISTS `allshop`;
/*!40101 SET @saved_cs_client     = @@character_set_client */;
 SET character_set_client = utf8mb4 ;
CREATE TABLE `allshop` (
  `s_name` varchar(100) NOT NULL,
  `location` varchar(100) NOT NULL,
  `price` int(11) NOT NULL,
  `classfy` varchar(100) NOT NULL,
  `dec` varchar(150) NOT NULL,
  `title_img` varchar(250) NOT NULL,
  `num` float NOT NULL,
  `type` varchar(45) NOT NULL,
  PRIMARY KEY (`s_name`)
) ENGINE=InnoDB DEFAULT CHARSET=utf8;
/*!40101 SET character_set_client = @saved_cs_client */;

--
-- Dumping data for table `allshop`
--

LOCK TABLES `allshop` WRITE;
/*!40000 ALTER TABLE `allshop` DISABLE KEYS */;
INSERT INTO `allshop` VALUES ('二回熟台式涮涮锅','浦西万达广场',61,'涮涮锅','128元优质2人餐，158元豪华2人餐..','https://p1.meituan.net/deal/fbfff1ab08f2771f70cbf5bcf9aac445133344.jpg@320w_320h_1e_1c',5,'小吃快餐'),('储缘蛋糕','沟西工业区',30,'蛋糕','回头客多','https://p1.meituan.net/bbia/4476c225f6e072204042288f83e512c353303.jpg@320w_320h_1e_1c',5,'甜点饮品'),('元品咖啡','五店市',62,'西餐','单人餐48元起','http://p0.meituan.net/apiback/64ae8f159e11e79685ebc9e1e0033725132066.jpg@320w_320h_1e_1c',4.4,'西餐'),('启达蛋糕','池店',23,'蛋糕','池店美食第1名','https://p0.meituan.net/bbia/2d48185810228d621d9b74c280a3a952646203.jpg@320w_320h_1e_1c',5,'甜点饮品'),('哈迪斯蛋糕店','丰泽区',23,'蛋糕','【下午茶】J半熟芝士49元，【下午茶】J芒果拿破仑129元','https://img.meituan.net/180.180/msmerchant/fe8202e74ab06fd7ff2b94c57f182a5c2185425.jpg@320w_320h_1e_1c',4,'甜点饮品'),('尊宝比萨','晋江市',35,'披萨','单人餐7.5元起','http://p0.meituan.net/bbia/f6afd98ad0b0e5890ea3e3ded2332eb9184550.jpg@320w_320h_1e_1c',4.6,'西餐'),('屋里香特色小龙虾','时代广场',32,'小龙虾','双人餐118元起','https://p0.meituan.net/deal/421830dc69b1fea538cc1ccf3c43cfb822481.jpg@320w_320h_1e_1c',5,'小吃快餐'),('旺坞蒸府·蒸汽海鲜','鲤城区',97,'海鲜','2-4人餐228元起，2-3人餐296元，4-6人餐528元起','https://img.meituan.net/msmerchant/1a0125d05ea37944f3c793e760ab2b65151680.jpg@320w_320h_1e_1c',5,'海鲜'),('棠心甜品','沟鲤城区',53,'西式甜品','【下午茶】J半熟芝士49元，【下午茶】J芒果拿破仑129元','https://img.meituan.net/180.180/msmerchant/fe8202e74ab06fd7ff2b94c57f182a5c2185425.jpg@320w_320h_1e_1c',4,'甜点饮品'),('正新鸡排','阳光广场',15,'小吃快餐','5.5元香酥鸡腿堡单人餐','https://p1.meituan.net/merchantpic/9b14258505aba493d45fe73849c0734220030.png@320w_320h_1e_1c',4.2,'小吃快餐'),('渔纬港海鲜自助','万达广场',164,'海鲜自助','万达广场美食第1名','https://p0.meituan.net/bbia/d0e92ef0b371bc753d81c7f093265fa721898.jpg@320w_320h_1e_1c',4.9,'自助餐'),('烧客自助炭火烤肉','东街/第一医院',63,'综合自助','猪排赞 牛肉不错','https://p0.meituan.net/mogu/d9b60ebd220fee77f96ae366cf8f418e50357.jpg@320w_320h_1e_1c',4.7,'自助餐'),('糯雅芳粥','星光不夜城及周边',19,'粥类','星光不夜城及周边美食第9名','https://p0.meituan.net/180.180/mogu/a4d57d63a882eff5a5fb5c6f33a393fc470688.jpg@320w_320h_1e_1c',4.5,'小吃快餐'),('蒙自源','万达广场',28,'过桥米线','万达广场小吃快餐第5名','https://img.meituan.net/msmerchant/ba0b8de41060a851f69aa4a27009235120681.jpg@320w_320h_1e_1c',5,'小吃快餐'),('豪品世家牛排','北石光德',49,'牛排','北石光德美食第4名','https://p0.meituan.net/deal/d5fb31ba28aadacd67ecec964c2397d922011.jpg@320w_320h_1e_1c',3.7,'西餐'),('贵族世家牛排','时代广场',66,'牛排','时代广场美食第10名','https://p0.meituan.net/deal/d61399e424e0ac0ab29e421389c20f5d392193.jpg@320w_320h_1e_1c',4.2,'西餐'),('迎宾馆海峡西餐厅','丰泽区',80,'西餐','时代广场美食第10名','http://p1.meituan.net/mogu/f2678bfb4c95b949423da0066734016141290.jpg@320w_320h_1e_1c',3.7,'西餐'),('锅鲜生·蒸汽海鲜','新天城市广场',78,'海鲜','2-3人餐188元，4人餐288元，4-6人餐488元','https://img.meituan.net/msmerchant/4a9847885f3e4a95844b313b8fa0fbc7169316.jpg@320w_320h_1e_1c',4,'海鲜'),('鲜儒豆浆','星光不夜城及周边',15,'小吃快餐','5.9元美味单人餐，32元美味双人餐','https://p0.meituan.net/180.180/deal/2636492881abd4152d2d6b84aaa88458179628.jpg@320w_320h_1e_1c',3.5,'小吃快餐'),('齐小团·煎饼','浦西万达广场',14,'快餐','10.9元齐小团秘制凉皮，15.8元齐小团精致单人餐','https://img.meituan.net/msmerchant/5ae8426b09ad3a6b1474ed53aef482f53063880.jpg@160w_160h_1e_1c',4.3,'小吃快餐');
/*!40000 ALTER TABLE `allshop` ENABLE KEYS */;
UNLOCK TABLES;

--
-- Table structure for table `city`
--

DROP TABLE IF EXISTS `city`;
/*!40101 SET @saved_cs_client     = @@character_set_client */;
 SET character_set_client = utf8mb4 ;
CREATE TABLE `city` (
  `id` int(11) NOT NULL AUTO_INCREMENT,
  `spell` varchar(100) DEFAULT NULL,
  `name` varchar(64) DEFAULT NULL,
  `keyword` char(2) DEFAULT NULL,
  `hot` tinyint(1) DEFAULT '0',
  PRIMARY KEY (`id`)
) ENGINE=InnoDB AUTO_INCREMENT=197 DEFAULT CHARSET=utf8;
/*!40101 SET character_set_client = @saved_cs_client */;

--
-- Dumping data for table `city`
--

LOCK TABLES `city` WRITE;
/*!40000 ALTER TABLE `city` DISABLE KEYS */;
INSERT INTO `city` VALUES (2,'abacangzuqiangzuzizhizhou ','阿坝藏族羌族自治州','A',0),(3,'akeshudiqu','阿克苏地区','A',0),(4,'alaer','阿拉尔','A',0),(5,'alashanmeng','阿拉善盟','A',0),(6,'alietai','阿勒泰','A',0),(7,'ali','阿里','A',0),(8,'ankang','安康','A',0),(9,'anqing','安庆','A',0),(10,'anshun','安顺','A',0),(11,'anyang','安阳','A',0),(12,'anshan','鞍山','A',0),(13,'anmen','澳门','A',0),(14,'bayannaoer','巴彦淖尔','B',0),(15,'bayinguoleng','巴音郭楞','B',0),(16,'bazhong','巴中','B',0),(17,'baicheng','白城','B',0),(18,'baisha','白沙','B',0),(19,'baishan','白山','B',0),(20,'baiyin','白银','B',0),(21,'baise','百色','B',0),(22,'bang bu','蚌埠','B',0),(23,'baotou','包头','B',0),(24,'baoji','宝鸡','B',0),(25,'baoding','保定','B',0),(26,'baoshan','保山','B',0),(27,'baoting','保亭','B',0),(28,'beihai','北海','B',0),(29,'beijing','北京','B',1),(30,'benxi','本溪','B',0),(31,'bijie','毕节','B',0),(32,'binzhou','滨州','B',0),(33,'haozhou','亳州','B',0),(34,'boertaila','博尔塔拉','B',0),(35,'cangzhou','沧州','C',0),(36,'changdu','昌都','C',0),(37,'changji','昌吉','C',0),(38,'changde','常德','C',0),(39,'changzhou','常州','C',0),(40,'chaohu','巢湖','C',0),(41,'chaoyang','朝阳','C',0),(42,'chaozhou','潮州','C',0),(43,'chenzhou','郴州','C',0),(44,'chengdu','成都','C',1),(45,'chengde','承德','C',0),(46,'chengmai','澄迈','C',0),(47,'chizhou','池州','C',0),(48,'chifeng','赤峰','C',0),(49,'chongzuo','崇左','C',0),(50,'chuzhou','滁州','C',0),(51,'chuxiong','楚雄','C',0),(52,'changchun','长春','C',0),(53,'changgeshi','长葛市','C',0),(54,'changsha','长沙','C',0),(55,'changzhi','长治','C',0),(56,'chongqing','重庆','C',0),(57,'dazhou','达州','D',0),(58,'dali','大理','D',0),(59,'dalian','大连','D',0),(60,'daqing','大庆','D',0),(61,'datong','大同','D',0),(62,'daxinganling','大兴安岭','D',0),(63,'dandong','丹东','D',0),(64,'danshui','淡水','D',0),(65,'dehong','德宏','D',0),(66,'deyang','德阳','D',0),(67,'diqing','迪庆','D',0),(68,'eerduosi','鄂尔多斯','E',0),(69,'erzhou','鄂州','E',0),(70,'enshi','恩施','E',0),(71,'fangchenggang','防城港','F',0),(72,'foshan','佛山','F',0),(73,'fuzhou','福州','F',0),(74,'fushun','抚顺','F',0),(75,'fuzhou','抚州','F',0),(76,'fuxin','阜新','F',0),(77,'fuyang','阜阳','F',0),(78,'gannan','甘南','G',0),(79,'ganmuzhou','甘孜州','G',0),(80,'gaoxiong','高雄','G',0),(81,'guangan','广安','G',0),(82,'guangyuan','广元','G',0),(83,'guangzhou','广州','G',1),(84,'guiyang','贵阳','G',0),(85,'guilin','桂林','G',1),(86,'haerbin','哈尔滨','H',0),(87,'hami','哈密','H',0),(88,'haibeidiqu','海北地区','H',0),(89,'haikou','海口','H',0),(90,'hanzhong','汉中','H',0),(91,'hangzhou','杭州','H',1),(92,'hefei','合肥','H',0),(93,'hetian','和田','H',0),(94,'jinan','济南','J',0),(95,'jining','济宁','J',0),(96,'jiaxing','嘉兴','J',0),(97,'jiayuguan','嘉峪关','J',0),(98,'jinchang','金昌','J',0),(99,'jinhua','金华','J',0),(100,'jingmen','荆门','J',0),(101,'jingdezhen','景德镇','J',0),(102,'kaifeng','开封','K',0),(103,'kunming','昆明','K',0),(104,'kelamayi','克拉玛依','K',0),(105,'kezilesu','克孜勒苏','K',0),(106,'lanzhou','兰州','L',0),(107,'lishui','丽水','L',0),(108,'lijiang','丽江','L',0),(109,'liaoyang','辽阳','L',0),(110,'lingao','临高','L',0),(111,'liuan','六安','L',0),(112,'luoyang','洛阳','L',0),(113,'liaocheng','聊城','L',0),(114,'maanshan','马鞍山','M',0),(115,'meishan','眉山','M',0),(116,'meizhou','梅州','M',0),(117,'mianyang','绵阳','M',0),(118,'mudanjiang','牡丹江','M',0),(119,'naqu','那曲','N',0),(120,'nanchang','南昌','N',0),(121,'nanchong','南充','N',0),(122,'nanjing','南京','N',0),(123,'nanning','南宁','N',0),(124,'nanping','南平','N',0),(125,'nantong','南通','N',0),(126,'','nanyang','N',0),(127,'panjin','盘锦','P',0),(128,'pingdinshan','平顶山','P',0),(129,'pinhu','平湖','P',0),(130,'pinxiang','萍乡','P',0),(131,'putian','莆田','P',0),(132,'puning','普宁','P',0),(133,'qitaihe','七台河','Q',0),(134,'qiqihaer','齐齐哈尔','Q',0),(135,'qianjing','潜江','Q',0),(136,'qinhuangdao','秦皇岛','Q',0),(137,'qindao','青岛','Q',0),(138,'qinyang','庆阳','Q',0),(139,'quanzhou','泉州','Q',0),(140,'rizhao','日照','R',0),(141,'ruijinshi','瑞金市','R',0),(142,'sanmenxia','三门峡','S',0),(143,'sanming','三明','S',0),(144,'sanya','三亚','S',1),(145,'shanghai','上海','S',1),(146,'shaoxing','绍兴','S',0),(147,'shenzhen','深圳','S',1),(148,'shenyang','沈阳','S',0),(149,'tachengdiqu','塔城地区','T',0),(150,'taishanshi','台山市','T',0),(151,'taizhou','台州','T',0),(152,'taiyuan','太原','T',0),(153,'tangshan','唐山','T',0),(154,'tianmen','天门','T',0),(155,'tianshui','天水','T',0),(156,'tongchuan','铜川','T',0),(157,'tongling','铜陵','T',0),(158,'wanning','万宁','W',0),(159,'weihai','威海','W',0),(160,'wenzhou','温州','W',0),(161,'wuhai','乌海','W',0),(162,'wuxi','无锡','W',0),(163,'wuhu','芜湖','W',0),(164,'wuhan','武汉','W',0),(165,'wuwei','武威','W',0),(166,'xiamen','厦门','X',1),(167,'xian','西安','X',1),(168,'xining','西宁','X',0),(169,'xiantao','仙桃','X',0),(170,'weining','咸宁','X',0),(171,'xianggang','香港','X',1),(172,'xiangxi','湘西','X',0),(173,'xiangyang','襄阳','X',0),(174,'xinbei','新北','X',0),(175,'xinyang','信阳','X',0),(176,'xintai','邢台','X',0),(177,'xinganmeng','兴安盟','X',0),(178,'yaan','雅安','Y',0),(179,'yantai','烟台','Y',0),(180,'yanan','延安','Y',0),(181,'yanbian','延边','Y',0),(182,'yancheng','盐城','Y',0),(183,'yangzhuou','扬州','Y',0),(184,'yangjiang','阳江','Y',0),(185,'yangquan','阳泉','Y',0),(186,'yinchuan','银川','Y',0),(187,'yichun','宜春','Y',0),(188,'yiyang','益阳','Y',0),(189,'zhanjiang','湛江','Z',0),(190,'zhenjiang','镇江','Z',0),(191,'zhengzhou','郑州','Z',0),(192,'zhongshan','中山','Z',0),(193,'zhongwei','中卫','Z',0),(194,'zhuhai','珠海','Z',0),(195,'zhumadian','驻马店','Z',0),(196,'zunyi','遵义','Z',0);
/*!40000 ALTER TABLE `city` ENABLE KEYS */;
UNLOCK TABLES;

--
-- Table structure for table `collect`
--

DROP TABLE IF EXISTS `collect`;
/*!40101 SET @saved_cs_client     = @@character_set_client */;
 SET character_set_client = utf8mb4 ;
CREATE TABLE `collect` (
  `id` int(11) NOT NULL AUTO_INCREMENT,
  `title_img` varchar(150) NOT NULL,
  `s_name` varchar(45) NOT NULL,
  `foodname` varchar(100) NOT NULL,
  `price` varchar(45) NOT NULL,
  `sold` varchar(45) NOT NULL,
  `collect` varchar(45) NOT NULL,
  `user` varchar(45) NOT NULL,
  PRIMARY KEY (`id`)
) ENGINE=InnoDB AUTO_INCREMENT=7 DEFAULT CHARSET=utf8;
/*!40101 SET character_set_client = @saved_cs_client */;

--
-- Dumping data for table `collect`
--

LOCK TABLES `collect` WRITE;
/*!40000 ALTER TABLE `collect` DISABLE KEYS */;
INSERT INTO `collect` VALUES (1,'https://p0.meituan.net/deal/311b9e153de4a746947a2857e3667ea351513.jpg@360w_328h_1e_1c','储缘蛋糕','6英寸欧式水果蛋糕（helloKitty海绵宝宝、多啦a梦）免费赠送蜡烛、配送叉盘- 1 个','48','88891','false','张三666'),(2,'https://p0.meituan.net/deal/c6eafadbb1e7628525204504f02ae08c39479.jpg@360w_328h_1e_1c','储缘蛋糕','8英寸儿童生日蛋糕8选1--（汽车）领先推出蛋糕店送货上门贴心服务的理念,同城3公里可免费配送到家!- 1 个','89','13316','false','张三666'),(3,'https://p0.meituan.net/deal/9190c8a8115d56f2a5f8b7e70b6c4859576048.jpg@360w_328h_1e_1c','二回熟台式涮涮锅','聚会 3-4 人餐','218','579','true','张三666'),(4,'http://p1.meituan.net/deal/8c91db01fe828206a677e20e5f4dc44a56887.jpg@360w_328h_1e_1c','尊宝比萨','黄金蝴蝶虾','16','6936','false','张三666'),(5,'https://p0.meituan.net/deal/b1854a6dcbfbeb30edee81f37310b51a102456.jpg@360w_328h_1e_1c','二回熟台式涮涮锅','优质 2 人餐','128','1032','true','李四111'),(6,'https://p0.meituan.net/deal/24bfce1ec93487a0e06cae44f9f9c79631692.jpg@360w_328h_1e_1c','锅鲜生·蒸汽海鲜','海鲜大咖 4 人餐','288','192','true','张三666');
/*!40000 ALTER TABLE `collect` ENABLE KEYS */;
UNLOCK TABLES;

--
-- Table structure for table `comment`
--

DROP TABLE IF EXISTS `comment`;
/*!40101 SET @saved_cs_client     = @@character_set_client */;
 SET character_set_client = utf8mb4 ;
CREATE TABLE `comment` (
  `id` int(11) NOT NULL AUTO_INCREMENT,
  `use_name` varchar(45) NOT NULL,
  `photo` varchar(100) NOT NULL,
  `time` varchar(20) NOT NULL,
  `content` varchar(300) NOT NULL,
  `f_name` varchar(100) NOT NULL,
  `good` varchar(10) NOT NULL,
  `star_num` float NOT NULL,
  PRIMARY KEY (`id`)
) ENGINE=InnoDB AUTO_INCREMENT=209 DEFAULT CHARSET=utf8;
/*!40101 SET character_set_client = @saved_cs_client */;

--
-- Dumping data for table `comment`
--

LOCK TABLES `comment` WRITE;
/*!40000 ALTER TABLE `comment` DISABLE KEYS */;
INSERT INTO `comment` VALUES (1,'匿名用户','https://p0.meituan.net/mmc/89bec9d64cde38d441cf976f751c482e3788.png@148w_148h_1e_1c','2018-02-04','酱汁很少 吃白面么 牛排可能煎久了 老了','单人牛排猪排','0',4.5),(2,'匿名用户','https://p0.meituan.net/mmc/89bec9d64cde38d441cf976f751c482e3788.png@148w_148h_1e_1c','2018-02-04','送的奶茶和椰汁孩子们动一囗就没动过！难喝就是难喝！地板超滑！团购的元品止进！服务态度差！','单人牛排猪排','0',4.5),(3,'匿名用户','https://p0.meituan.net/mmc/89bec9d64cde38d441cf976f751c482e3788.png@148w_148h_1e_1c','2018-06-30','非常好，经常来非常值得！点赞！','单人牛排猪排','1',4.5),(4,'匿名用户','https://p0.meituan.net/mmc/89bec9d64cde38d441cf976f751c482e3788.png@148w_148h_1e_1c','2018-09-5','差评。一个国际汤怕人喝。服务可以。自助品种超级少','单人牛排猪排','0',4.5),(5,'匿名用户','https://p0.meituan.net/mmc/89bec9d64cde38d441cf976f751c482e3788.png@148w_148h_1e_1c','2019-03-5','感觉还不错,冰激凌好吃。环境也不错。','单人牛排猪排','1',4.5),(6,'匿名用户','https://p0.meituan.net/mmc/89bec9d64cde38d441cf976f751c482e3788.png@148w_148h_1e_1c','2018-03-5','感觉还不错,环境也不错。','元品单人牛排','1',4.5),(7,'匿名用户','https://p0.meituan.net/mmc/89bec9d64cde38d441cf976f751c482e3788.png@148w_148h_1e_1c','2018-05-5','总体感觉很好。','元品单人牛排','1',4.5),(8,'匿名用户','https://p0.meituan.net/mmc/89bec9d64cde38d441cf976f751c482e3788.png@148w_148h_1e_1c','2018-07-5','非常好，经常来非常值得！点赞！','元品单人牛排','1',4.5),(9,'匿名用户','https://p0.meituan.net/mmc/89bec9d64cde38d441cf976f751c482e3788.png@148w_148h_1e_1c','2019-04-5','差评。一个国际汤怕人喝。','元品单人牛排','0',4.5),(10,'匿名用户','https://p0.meituan.net/mmc/89bec9d64cde38d441cf976f751c482e3788.png@148w_148h_1e_1c','2019-07-5','不好不好不好不好','元品单人牛排','0',4.5),(11,'匿名用户','https://p0.meituan.net/mmc/89bec9d64cde38d441cf976f751c482e3788.png@148w_148h_1e_1c','2018-03-5','哎，不想吐槽','优质 2 人餐','0',4.5),(12,'匿名用户','https://p0.meituan.net/mmc/89bec9d64cde38d441cf976f751c482e3788.png@148w_148h_1e_1c','2018-05-5','总体感觉很好。','优质 2 人餐','1',4.5),(13,'匿名用户','https://p0.meituan.net/mmc/89bec9d64cde38d441cf976f751c482e3788.png@148w_148h_1e_1c','2018-07-5','非常好，经常来非常值得！点赞！','优质 2 人餐','1',4.5),(14,'匿名用户','https://p0.meituan.net/mmc/89bec9d64cde38d441cf976f751c482e3788.png@148w_148h_1e_1c','2019-04-5','差评。没吃过这么不舒服的。','优质 2 人餐','0',4.5),(15,'匿名用户','https://p0.meituan.net/mmc/89bec9d64cde38d441cf976f751c482e3788.png@148w_148h_1e_1c','2019-07-5','不好不好不好不好','优质 2 人餐','0',4.5),(16,'匿名用户','https://p0.meituan.net/mmc/89bec9d64cde38d441cf976f751c482e3788.png@148w_148h_1e_1c','2018-03-5','哎，不想吐槽','聚会 3-4 人餐','0',4.5),(17,'匿名用户','https://p0.meituan.net/mmc/89bec9d64cde38d441cf976f751c482e3788.png@148w_148h_1e_1c','2018-05-5','总体感觉很好。','聚会 3-4 人餐','1',4.5),(18,'匿名用户','https://p0.meituan.net/mmc/89bec9d64cde38d441cf976f751c482e3788.png@148w_148h_1e_1c','2018-07-5','非常好，经常来非常值得！点赞！','聚会 3-4 人餐','1',4.5),(19,'匿名用户','https://p0.meituan.net/mmc/89bec9d64cde38d441cf976f751c482e3788.png@148w_148h_1e_1c','2019-04-5','差评。没吃过这么不舒服的。','聚会 3-4 人餐','0',4.5),(20,'匿名用户','https://p0.meituan.net/mmc/89bec9d64cde38d441cf976f751c482e3788.png@148w_148h_1e_1c','2019-07-5','不好不好不好不好','聚会 3-4 人餐','0',4.5),(21,'匿名用户','https://p0.meituan.net/mmc/89bec9d64cde38d441cf976f751c482e3788.png@148w_148h_1e_1c','2019-07-5','很赞，下次值得再来','聚会 3-4 人餐','1',4.5),(22,'匿名用户','https://p0.meituan.net/mmc/89bec9d64cde38d441cf976f751c482e3788.png@148w_148h_1e_1c','2018-03-5','哎，不想吐槽','豪华 2 人餐','0',4.5),(23,'匿名用户','https://p0.meituan.net/mmc/89bec9d64cde38d441cf976f751c482e3788.png@148w_148h_1e_1c','2018-05-5','总体感觉很好。','豪华 2 人餐','1',4.5),(24,'匿名用户','https://p0.meituan.net/mmc/89bec9d64cde38d441cf976f751c482e3788.png@148w_148h_1e_1c','2018-07-5','非常好，经常来非常值得！点赞！','豪华 2 人餐','1',4.5),(25,'匿名用户','https://p0.meituan.net/mmc/89bec9d64cde38d441cf976f751c482e3788.png@148w_148h_1e_1c','2019-04-5','差评。没吃过这么不舒服的。','豪华 2 人餐','0',4.5),(26,'匿名用户','https://p0.meituan.net/mmc/89bec9d64cde38d441cf976f751c482e3788.png@148w_148h_1e_1c','2019-07-5','不好不好不好不好','豪华 2 人餐','0',4.5),(27,'匿名用户','https://p0.meituan.net/mmc/89bec9d64cde38d441cf976f751c482e3788.png@148w_148h_1e_1c','2019-07-5','很赞，下次值得再来','豪华 2 人餐','1',4.5),(28,'匿名用户','https://p0.meituan.net/mmc/89bec9d64cde38d441cf976f751c482e3788.png@148w_148h_1e_1c','2018-03-5','哎，不想吐槽','6英寸欧式水果蛋糕（helloKitty海绵宝宝、多啦a梦）免费赠送蜡烛、配送叉盘- 1 个','0',4.5),(29,'匿名用户','https://p0.meituan.net/mmc/89bec9d64cde38d441cf976f751c482e3788.png@148w_148h_1e_1c','2018-05-5','总体感觉很好。','6英寸欧式水果蛋糕（helloKitty海绵宝宝、多啦a梦）免费赠送蜡烛、配送叉盘- 1 个','1',4.5),(30,'匿名用户','https://p0.meituan.net/mmc/89bec9d64cde38d441cf976f751c482e3788.png@148w_148h_1e_1c','2018-07-5','非常好，经常来非常值得！点赞！','6英寸欧式水果蛋糕（helloKitty海绵宝宝、多啦a梦）免费赠送蜡烛、配送叉盘- 1 个','1',4.5),(31,'匿名用户','https://p0.meituan.net/mmc/89bec9d64cde38d441cf976f751c482e3788.png@148w_148h_1e_1c','2019-04-5','差评。没吃过这么不舒服的。','6英寸欧式水果蛋糕（helloKitty海绵宝宝、多啦a梦）免费赠送蜡烛、配送叉盘- 1 个','0',4.5),(32,'匿名用户','https://p0.meituan.net/mmc/89bec9d64cde38d441cf976f751c482e3788.png@148w_148h_1e_1c','2019-07-5','不好不好不好不好','6英寸欧式水果蛋糕（helloKitty海绵宝宝、多啦a梦）免费赠送蜡烛、配送叉盘- 1 个','0',4.5),(33,'匿名用户','https://p0.meituan.net/mmc/89bec9d64cde38d441cf976f751c482e3788.png@148w_148h_1e_1c','2019-07-5','很赞，下次值得再来','6英寸欧式水果蛋糕（helloKitty海绵宝宝、多啦a梦）免费赠送蜡烛、配送叉盘- 1 个','1',4.5),(34,'匿名用户','https://p0.meituan.net/mmc/89bec9d64cde38d441cf976f751c482e3788.png@148w_148h_1e_1c','2018-03-5','哎，不想吐槽','8英寸儿童生日蛋糕8选1--（汽车）领先推出蛋糕店送货上门贴心服务的理念,同城3公里可免费配送到家!- 1 个','0',4.5),(35,'匿名用户','https://p0.meituan.net/mmc/89bec9d64cde38d441cf976f751c482e3788.png@148w_148h_1e_1c','2018-05-5','总体感觉很好。','8英寸儿童生日蛋糕8选1--（汽车）领先推出蛋糕店送货上门贴心服务的理念,同城3公里可免费配送到家!- 1 个','1',4.5),(36,'匿名用户','https://p0.meituan.net/mmc/89bec9d64cde38d441cf976f751c482e3788.png@148w_148h_1e_1c','2018-07-5','非常好，经常来非常值得！点赞！','8英寸儿童生日蛋糕8选1--（汽车）领先推出蛋糕店送货上门贴心服务的理念,同城3公里可免费配送到家!- 1 个','1',4.5),(37,'匿名用户','https://p0.meituan.net/mmc/89bec9d64cde38d441cf976f751c482e3788.png@148w_148h_1e_1c','2019-04-5','差评。没吃过这么不舒服的。','8英寸儿童生日蛋糕8选1--（汽车）领先推出蛋糕店送货上门贴心服务的理念,同城3公里可免费配送到家!- 1 个','0',4.5),(38,'匿名用户','https://p0.meituan.net/mmc/89bec9d64cde38d441cf976f751c482e3788.png@148w_148h_1e_1c','2019-07-5','不好不好不好不好','8英寸儿童生日蛋糕8选1--（汽车）领先推出蛋糕店送货上门贴心服务的理念,同城3公里可免费配送到家!- 1 个','0',4.5),(39,'匿名用户','https://p0.meituan.net/mmc/89bec9d64cde38d441cf976f751c482e3788.png@148w_148h_1e_1c','2019-07-5','很赞，下次值得再来','8英寸儿童生日蛋糕8选1--（汽车）领先推出蛋糕店送货上门贴心服务的理念,同城3公里可免费配送到家!- 1 个','1',4.5),(40,'匿名用户','https://p0.meituan.net/mmc/89bec9d64cde38d441cf976f751c482e3788.png@148w_148h_1e_1c','2018-03-5','哎，不想吐槽','8英寸爱的主题--领先推出蛋糕店送货上门贴心服务的理念,同城3公里可免费配送到家! 1 个','0',4.5),(41,'匿名用户','https://p0.meituan.net/mmc/89bec9d64cde38d441cf976f751c482e3788.png@148w_148h_1e_1c','2018-05-5','总体感觉很好。','8英寸爱的主题--领先推出蛋糕店送货上门贴心服务的理念,同城3公里可免费配送到家! 1 个','1',4.5),(42,'匿名用户','https://p0.meituan.net/mmc/89bec9d64cde38d441cf976f751c482e3788.png@148w_148h_1e_1c','2018-07-5','非常好，经常来非常值得！点赞！','8英寸爱的主题--领先推出蛋糕店送货上门贴心服务的理念,同城3公里可免费配送到家! 1 个','1',4.5),(43,'匿名用户','https://p0.meituan.net/mmc/89bec9d64cde38d441cf976f751c482e3788.png@148w_148h_1e_1c','2019-04-5','差评。没吃过这么不舒服的。','8英寸爱的主题--领先推出蛋糕店送货上门贴心服务的理念,同城3公里可免费配送到家! 1 个','0',4.5),(44,'匿名用户','https://p0.meituan.net/mmc/89bec9d64cde38d441cf976f751c482e3788.png@148w_148h_1e_1c','2019-07-5','不好不好不好不好','8英寸爱的主题--领先推出蛋糕店送货上门贴心服务的理念,同城3公里可免费配送到家! 1 个','0',4.5),(45,'匿名用户','https://p0.meituan.net/mmc/89bec9d64cde38d441cf976f751c482e3788.png@148w_148h_1e_1c','2019-07-5','很赞，下次值得再来','8英寸爱的主题--领先推出蛋糕店送货上门贴心服务的理念,同城3公里可免费配送到家! 1 个','1',4.5),(46,'匿名用户','https://p0.meituan.net/mmc/89bec9d64cde38d441cf976f751c482e3788.png@148w_148h_1e_1c','2018-03-5','哎，不想吐槽','6 英寸蛋糕 7 选 1','0',4.5),(47,'匿名用户','https://p0.meituan.net/mmc/89bec9d64cde38d441cf976f751c482e3788.png@148w_148h_1e_1c','2018-05-5','总体感觉很好。','6 英寸蛋糕 7 选 1','1',4.5),(48,'匿名用户','https://p0.meituan.net/mmc/89bec9d64cde38d441cf976f751c482e3788.png@148w_148h_1e_1c','2018-07-5','非常好，经常来非常值得！点赞！','6 英寸蛋糕 7 选 1','1',4.5),(49,'匿名用户','https://p0.meituan.net/mmc/89bec9d64cde38d441cf976f751c482e3788.png@148w_148h_1e_1c','2019-04-5','差评。没吃过这么不舒服的。','6 英寸蛋糕 7 选 1','0',4.5),(50,'匿名用户','https://p0.meituan.net/mmc/89bec9d64cde38d441cf976f751c482e3788.png@148w_148h_1e_1c','2019-07-5','不好不好不好不好','6 英寸蛋糕 7 选 1','0',4.5),(51,'匿名用户','https://p0.meituan.net/mmc/89bec9d64cde38d441cf976f751c482e3788.png@148w_148h_1e_1c','2019-07-5','很赞，下次值得再来','6 英寸蛋糕 7 选 1','1',4.5),(52,'匿名用户','https://p0.meituan.net/mmc/89bec9d64cde38d441cf976f751c482e3788.png@148w_148h_1e_1c','2018-03-5','哎，不想吐槽','8 英寸蛋糕 9 选 1','0',4.5),(53,'匿名用户','https://p0.meituan.net/mmc/89bec9d64cde38d441cf976f751c482e3788.png@148w_148h_1e_1c','2018-05-5','总体感觉很好。','8 英寸蛋糕 9 选 1','1',4.5),(54,'匿名用户','https://p0.meituan.net/mmc/89bec9d64cde38d441cf976f751c482e3788.png@148w_148h_1e_1c','2018-07-5','非常好，经常来非常值得！点赞！','8 英寸蛋糕 9 选 1','1',4.5),(55,'匿名用户','https://p0.meituan.net/mmc/89bec9d64cde38d441cf976f751c482e3788.png@148w_148h_1e_1c','2019-04-5','差评。没吃过这么不舒服的。','8 英寸蛋糕 9 选 1','0',4.5),(56,'匿名用户','https://p0.meituan.net/mmc/89bec9d64cde38d441cf976f751c482e3788.png@148w_148h_1e_1c','2019-07-5','不好不好不好不好','8 英寸蛋糕 9 选 1','0',4.5),(57,'匿名用户','https://p0.meituan.net/mmc/89bec9d64cde38d441cf976f751c482e3788.png@148w_148h_1e_1c','2019-07-5','很赞，下次值得再来','8 英寸蛋糕 9 选 1','1',4.5),(58,'匿名用户','https://p0.meituan.net/mmc/89bec9d64cde38d441cf976f751c482e3788.png@148w_148h_1e_1c','2018-03-5','哎，不想吐槽','6 英寸蛋糕 12 选 1','0',4.5),(59,'匿名用户','https://p0.meituan.net/mmc/89bec9d64cde38d441cf976f751c482e3788.png@148w_148h_1e_1c','2018-05-5','总体感觉很好。','6 英寸蛋糕 12 选 1','1',4.5),(60,'匿名用户','https://p0.meituan.net/mmc/89bec9d64cde38d441cf976f751c482e3788.png@148w_148h_1e_1c','2018-07-5','非常好，经常来非常值得！点赞！','6 英寸蛋糕 12 选 1','1',4.5),(61,'匿名用户','https://p0.meituan.net/mmc/89bec9d64cde38d441cf976f751c482e3788.png@148w_148h_1e_1c','2019-04-5','差评。没吃过这么不舒服的。','6 英寸蛋糕 12 选 1','0',4.5),(62,'匿名用户','https://p0.meituan.net/mmc/89bec9d64cde38d441cf976f751c482e3788.png@148w_148h_1e_1c','2019-07-5','不好不好不好不好','6 英寸蛋糕 12 选 1','0',4.5),(63,'匿名用户','https://p0.meituan.net/mmc/89bec9d64cde38d441cf976f751c482e3788.png@148w_148h_1e_1c','2018-03-5','哎，不想吐槽','黄金蝴蝶虾','0',4.5),(64,'匿名用户','https://p0.meituan.net/mmc/89bec9d64cde38d441cf976f751c482e3788.png@148w_148h_1e_1c','2018-05-5','总体感觉很好。','黄金蝴蝶虾','1',4.5),(65,'匿名用户','https://p0.meituan.net/mmc/89bec9d64cde38d441cf976f751c482e3788.png@148w_148h_1e_1c','2018-07-5','非常好，经常来非常值得！点赞！','黄金蝴蝶虾','1',4.5),(66,'匿名用户','https://p0.meituan.net/mmc/89bec9d64cde38d441cf976f751c482e3788.png@148w_148h_1e_1c','2019-04-5','差评。没吃过这么不舒服的。','黄金蝴蝶虾','0',4.5),(67,'匿名用户','https://p0.meituan.net/mmc/89bec9d64cde38d441cf976f751c482e3788.png@148w_148h_1e_1c','2019-07-5','不好不好不好不好','黄金蝴蝶虾','0',4.5),(68,'匿名用户','https://p0.meituan.net/mmc/89bec9d64cde38d441cf976f751c482e3788.png@148w_148h_1e_1c','2018-03-5','哎，不想吐槽','十三香小龙虾','0',4.5),(69,'匿名用户','https://p0.meituan.net/mmc/89bec9d64cde38d441cf976f751c482e3788.png@148w_148h_1e_1c','2018-05-5','总体感觉很好。','十三香小龙虾','1',4.5),(70,'匿名用户','https://p0.meituan.net/mmc/89bec9d64cde38d441cf976f751c482e3788.png@148w_148h_1e_1c','2018-07-5','非常好，经常来非常值得！点赞！','十三香小龙虾','1',4.5),(71,'匿名用户','https://p0.meituan.net/mmc/89bec9d64cde38d441cf976f751c482e3788.png@148w_148h_1e_1c','2019-04-5','差评。没吃过这么不舒服的。','十三香小龙虾','0',4.5),(72,'匿名用户','https://p0.meituan.net/mmc/89bec9d64cde38d441cf976f751c482e3788.png@148w_148h_1e_1c','2019-07-5','不好不好不好不好','十三香小龙虾','0',4.5),(73,'匿名用户','https://p0.meituan.net/mmc/89bec9d64cde38d441cf976f751c482e3788.png@148w_148h_1e_1c','2018-03-5','哎，不想吐槽','虾兵蟹将','0',4.5),(74,'匿名用户','https://p0.meituan.net/mmc/89bec9d64cde38d441cf976f751c482e3788.png@148w_148h_1e_1c','2018-05-5','总体感觉很好。','虾兵蟹将','1',4.5),(75,'匿名用户','https://p0.meituan.net/mmc/89bec9d64cde38d441cf976f751c482e3788.png@148w_148h_1e_1c','2018-07-5','非常好，经常来非常值得！点赞！','虾兵蟹将','1',4.5),(76,'匿名用户','https://p0.meituan.net/mmc/89bec9d64cde38d441cf976f751c482e3788.png@148w_148h_1e_1c','2019-04-5','差评。没吃过这么不舒服的。','虾兵蟹将','0',4.5),(77,'匿名用户','https://p0.meituan.net/mmc/89bec9d64cde38d441cf976f751c482e3788.png@148w_148h_1e_1c','2019-07-5','不好不好不好不好','虾兵蟹将','0',4.5),(78,'匿名用户','https://p0.meituan.net/mmc/89bec9d64cde38d441cf976f751c482e3788.png@148w_148h_1e_1c','2018-03-5','哎，不想吐槽','2-4 人抢购海鲜套餐','0',4.5),(79,'匿名用户','https://p0.meituan.net/mmc/89bec9d64cde38d441cf976f751c482e3788.png@148w_148h_1e_1c','2018-05-5','总体感觉很好。','2-4 人抢购海鲜套餐','1',4.5),(81,'匿名用户','https://p0.meituan.net/mmc/89bec9d64cde38d441cf976f751c482e3788.png@148w_148h_1e_1c','2018-07-5','非常好，经常来非常值得！点赞！','2-4 人抢购海鲜套餐','1',4.5),(82,'匿名用户','https://p0.meituan.net/mmc/89bec9d64cde38d441cf976f751c482e3788.png@148w_148h_1e_1c','2018-03-5','哎，不想吐槽','2-4 人海鲜大咖套餐','0',4.5),(83,'匿名用户','https://p0.meituan.net/mmc/89bec9d64cde38d441cf976f751c482e3788.png@148w_148h_1e_1c','2018-05-5','总体感觉很好。','2-4 人海鲜大咖套餐','1',4.5),(84,'匿名用户','https://p0.meituan.net/mmc/89bec9d64cde38d441cf976f751c482e3788.png@148w_148h_1e_1c','2018-07-5','非常好，经常来非常值得！点赞！','2-4 人海鲜大咖套餐','1',4.5),(85,'匿名用户','https://p0.meituan.net/mmc/89bec9d64cde38d441cf976f751c482e3788.png@148w_148h_1e_1c','2019-04-5','差评。没吃过这么不舒服的。','2-4 人海鲜大咖套餐','0',4.5),(86,'匿名用户','https://p0.meituan.net/mmc/89bec9d64cde38d441cf976f751c482e3788.png@148w_148h_1e_1c','2019-07-5','不好不好不好不好','2-4 人海鲜大咖套餐','0',4.5),(87,'匿名用户','https://p0.meituan.net/mmc/89bec9d64cde38d441cf976f751c482e3788.png@148w_148h_1e_1c','2018-03-5','哎，不想吐槽','正新鸡排','0',4.5),(88,'匿名用户','https://p0.meituan.net/mmc/89bec9d64cde38d441cf976f751c482e3788.png@148w_148h_1e_1c','2018-05-5','总体感觉很好。','正新鸡排','1',4.5),(89,'匿名用户','https://p0.meituan.net/mmc/89bec9d64cde38d441cf976f751c482e3788.png@148w_148h_1e_1c','2018-07-5','非常好，经常来非常值得！点赞！','正新鸡排','1',4.5),(90,'匿名用户','https://p0.meituan.net/mmc/89bec9d64cde38d441cf976f751c482e3788.png@148w_148h_1e_1c','2019-04-5','差评。没吃过这么不舒服的。','正新鸡排','0',4.5),(91,'匿名用户','https://p0.meituan.net/mmc/89bec9d64cde38d441cf976f751c482e3788.png@148w_148h_1e_1c','2019-07-5','不好不好不好不好','正新鸡排','0',4.5),(92,'匿名用户','https://p0.meituan.net/mmc/89bec9d64cde38d441cf976f751c482e3788.png@148w_148h_1e_1c','2018-03-5','哎，不想吐槽','致炫双人自助午餐','0',4.5),(93,'匿名用户','https://p0.meituan.net/mmc/89bec9d64cde38d441cf976f751c482e3788.png@148w_148h_1e_1c','2018-05-5','总体感觉很好。','致炫双人自助午餐','1',4.5),(94,'匿名用户','https://p0.meituan.net/mmc/89bec9d64cde38d441cf976f751c482e3788.png@148w_148h_1e_1c','2018-07-5','非常好，经常来非常值得！点赞！','致炫双人自助午餐','1',4.5),(95,'匿名用户','https://p0.meituan.net/mmc/89bec9d64cde38d441cf976f751c482e3788.png@148w_148h_1e_1c','2019-04-5','差评。没吃过这么不舒服的。','致炫双人自助午餐','0',4.5),(96,'匿名用户','https://p0.meituan.net/mmc/89bec9d64cde38d441cf976f751c482e3788.png@148w_148h_1e_1c','2019-07-5','不好不好不好不好','致炫双人自助午餐','0',4.5),(97,'匿名用户','https://p0.meituan.net/mmc/89bec9d64cde38d441cf976f751c482e3788.png@148w_148h_1e_1c','2018-03-5','哎，不想吐槽','致炫自助双人晚餐','0',4.5),(98,'匿名用户','https://p0.meituan.net/mmc/89bec9d64cde38d441cf976f751c482e3788.png@148w_148h_1e_1c','2018-05-5','总体感觉很好。','致炫自助双人晚餐','1',4.5),(99,'匿名用户','https://p0.meituan.net/mmc/89bec9d64cde38d441cf976f751c482e3788.png@148w_148h_1e_1c','2018-07-5','非常好，经常来非常值得！点赞！','致炫自助双人晚餐','1',4.5),(100,'匿名用户','https://p0.meituan.net/mmc/89bec9d64cde38d441cf976f751c482e3788.png@148w_148h_1e_1c','2019-04-5','差评。没吃过这么不舒服的。','致炫自助双人晚餐','0',4.5),(101,'匿名用户','https://p0.meituan.net/mmc/89bec9d64cde38d441cf976f751c482e3788.png@148w_148h_1e_1c','2019-07-5','不好不好不好不好','致炫自助双人晚餐','0',4.5),(102,'匿名用户','https://p0.meituan.net/mmc/89bec9d64cde38d441cf976f751c482e3788.png@148w_148h_1e_1c','2018-03-5','哎，不想吐槽','致炫自助晚餐','0',4.5),(103,'匿名用户','https://p0.meituan.net/mmc/89bec9d64cde38d441cf976f751c482e3788.png@148w_148h_1e_1c','2018-05-5','总体感觉很好。','致炫自助晚餐','1',4.5),(104,'匿名用户','https://p0.meituan.net/mmc/89bec9d64cde38d441cf976f751c482e3788.png@148w_148h_1e_1c','2018-07-5','非常好，经常来非常值得！点赞！','致炫自助晚餐','1',4.5),(105,'匿名用户','https://p0.meituan.net/mmc/89bec9d64cde38d441cf976f751c482e3788.png@148w_148h_1e_1c','2019-04-5','差评。没吃过这么不舒服的。','致炫自助晚餐','0',4.5),(106,'匿名用户','https://p0.meituan.net/mmc/89bec9d64cde38d441cf976f751c482e3788.png@148w_148h_1e_1c','2019-07-5','不好不好不好不好','致炫自助晚餐','0',4.5),(107,'匿名用户','https://p0.meituan.net/mmc/89bec9d64cde38d441cf976f751c482e3788.png@148w_148h_1e_1c','2018-03-5','哎，不想吐槽','烧客自助 午餐','0',4.5),(108,'匿名用户','https://p0.meituan.net/mmc/89bec9d64cde38d441cf976f751c482e3788.png@148w_148h_1e_1c','2018-05-5','总体感觉很好。','烧客自助 午餐','1',4.5),(109,'匿名用户','https://p0.meituan.net/mmc/89bec9d64cde38d441cf976f751c482e3788.png@148w_148h_1e_1c','2018-07-5','非常好，经常来非常值得！点赞！','烧客自助 午餐','1',4.5),(110,'匿名用户','https://p0.meituan.net/mmc/89bec9d64cde38d441cf976f751c482e3788.png@148w_148h_1e_1c','2019-04-5','差评。没吃过这么不舒服的。','烧客自助 午餐','0',4.5),(111,'匿名用户','https://p0.meituan.net/mmc/89bec9d64cde38d441cf976f751c482e3788.png@148w_148h_1e_1c','2019-07-5','不好不好不好不好','烧客自助 午餐','0',4.5),(112,'匿名用户','https://p0.meituan.net/mmc/89bec9d64cde38d441cf976f751c482e3788.png@148w_148h_1e_1c','2018-03-5','哎，不想吐槽','❤养胃单人餐（店长强烈推荐）','0',4.5),(113,'匿名用户','https://p0.meituan.net/mmc/89bec9d64cde38d441cf976f751c482e3788.png@148w_148h_1e_1c','2018-05-5','总体感觉很好。','❤养胃单人餐（店长强烈推荐）','1',4.5),(114,'匿名用户','https://p0.meituan.net/mmc/89bec9d64cde38d441cf976f751c482e3788.png@148w_148h_1e_1c','2018-07-5','非常好，经常来非常值得！点赞！','❤养胃单人餐（店长强烈推荐）','1',4.5),(115,'匿名用户','https://p0.meituan.net/mmc/89bec9d64cde38d441cf976f751c482e3788.png@148w_148h_1e_1c','2019-04-5','差评。没吃过这么不舒服的。','❤养胃单人餐（店长强烈推荐）','0',4.5),(116,'匿名用户','https://p0.meituan.net/mmc/89bec9d64cde38d441cf976f751c482e3788.png@148w_148h_1e_1c','2019-07-5','不好不好不好不好','❤养胃单人餐（店长强烈推荐）','0',4.5),(117,'匿名用户','https://p0.meituan.net/mmc/89bec9d64cde38d441cf976f751c482e3788.png@148w_148h_1e_1c','2018-03-5','哎，不想吐槽','❤招牌养生粥 3 选 1','0',4.5),(118,'匿名用户','https://p0.meituan.net/mmc/89bec9d64cde38d441cf976f751c482e3788.png@148w_148h_1e_1c','2018-05-5','总体感觉很好。','❤招牌养生粥 3 选 1','1',4.5),(119,'匿名用户','https://p0.meituan.net/mmc/89bec9d64cde38d441cf976f751c482e3788.png@148w_148h_1e_1c','2018-07-5','非常好，经常来非常值得！点赞！','❤招牌养生粥 3 选 1','1',4.5),(120,'匿名用户','https://p0.meituan.net/mmc/89bec9d64cde38d441cf976f751c482e3788.png@148w_148h_1e_1c','2019-04-5','差评。没吃过这么不舒服的。','❤招牌养生粥 3 选 1','0',4.5),(121,'匿名用户','https://p0.meituan.net/mmc/89bec9d64cde38d441cf976f751c482e3788.png@148w_148h_1e_1c','2019-07-5','不好不好不好不好','❤招牌养生粥 3 选 1','0',4.5),(122,'匿名用户','https://p0.meituan.net/mmc/89bec9d64cde38d441cf976f751c482e3788.png@148w_148h_1e_1c','2018-03-5','哎，不想吐槽','皮蛋瘦肉粥','0',4.5),(123,'匿名用户','https://p0.meituan.net/mmc/89bec9d64cde38d441cf976f751c482e3788.png@148w_148h_1e_1c','2018-05-5','总体感觉很好。','皮蛋瘦肉粥','1',4.5),(124,'匿名用户','https://p0.meituan.net/mmc/89bec9d64cde38d441cf976f751c482e3788.png@148w_148h_1e_1c','2018-07-5','非常好，经常来非常值得！点赞！','皮蛋瘦肉粥','1',4.5),(125,'匿名用户','https://p0.meituan.net/mmc/89bec9d64cde38d441cf976f751c482e3788.png@148w_148h_1e_1c','2019-04-5','差评。没吃过这么不舒服的。','皮蛋瘦肉粥','0',4.5),(126,'匿名用户','https://p0.meituan.net/mmc/89bec9d64cde38d441cf976f751c482e3788.png@148w_148h_1e_1c','2019-07-5','不好不好不好不好','皮蛋瘦肉粥','0',4.5),(127,'匿名用户','https://p0.meituan.net/mmc/89bec9d64cde38d441cf976f751c482e3788.png@148w_148h_1e_1c','2018-03-5','哎，不想吐槽','傣味酸汤米线 回味素串串','0',4.5),(128,'匿名用户','https://p0.meituan.net/mmc/89bec9d64cde38d441cf976f751c482e3788.png@148w_148h_1e_1c','2018-05-5','总体感觉很好。','傣味酸汤米线 回味素串串','1',4.5),(129,'匿名用户','https://p0.meituan.net/mmc/89bec9d64cde38d441cf976f751c482e3788.png@148w_148h_1e_1c','2018-07-5','非常好，经常来非常值得！点赞！','傣味酸汤米线 回味素串串','1',4.5),(130,'匿名用户','https://p0.meituan.net/mmc/89bec9d64cde38d441cf976f751c482e3788.png@148w_148h_1e_1c','2019-04-5','差评。没吃过这么不舒服的。','傣味酸汤米线 回味素串串','0',4.5),(131,'匿名用户','https://p0.meituan.net/mmc/89bec9d64cde38d441cf976f751c482e3788.png@148w_148h_1e_1c','2019-07-5','不好不好不好不好','傣味酸汤米线 回味素串串','0',4.5),(132,'匿名用户','https://p0.meituan.net/mmc/89bec9d64cde38d441cf976f751c482e3788.png@148w_148h_1e_1c','2018-03-5','哎，不想吐槽','菌香肥牛过桥饭 小木耳 金桔柠檬茶','0',4.5),(133,'匿名用户','https://p0.meituan.net/mmc/89bec9d64cde38d441cf976f751c482e3788.png@148w_148h_1e_1c','2018-05-5','总体感觉很好。','菌香肥牛过桥饭 小木耳 金桔柠檬茶','1',4.5),(134,'匿名用户','https://p0.meituan.net/mmc/89bec9d64cde38d441cf976f751c482e3788.png@148w_148h_1e_1c','2018-07-5','非常好，经常来非常值得！点赞！','菌香肥牛过桥饭 小木耳 金桔柠檬茶','1',4.5),(135,'匿名用户','https://p0.meituan.net/mmc/89bec9d64cde38d441cf976f751c482e3788.png@148w_148h_1e_1c','2019-04-5','差评。没吃过这么不舒服的。','菌香肥牛过桥饭 小木耳 金桔柠檬茶','0',4.5),(136,'匿名用户','https://p0.meituan.net/mmc/89bec9d64cde38d441cf976f751c482e3788.png@148w_148h_1e_1c','2019-07-5','不好不好不好不好','菌香肥牛过桥饭 小木耳 金桔柠檬茶','0',4.5),(137,'匿名用户','https://p0.meituan.net/mmc/89bec9d64cde38d441cf976f751c482e3788.png@148w_148h_1e_1c','2018-03-5','哎，不想吐槽','菌香过桥米线','0',4.5),(138,'匿名用户','https://p0.meituan.net/mmc/89bec9d64cde38d441cf976f751c482e3788.png@148w_148h_1e_1c','2018-05-5','总体感觉很好。','菌香过桥米线','1',4.5),(139,'匿名用户','https://p0.meituan.net/mmc/89bec9d64cde38d441cf976f751c482e3788.png@148w_148h_1e_1c','2018-07-5','非常好，经常来非常值得！点赞！','菌香过桥米线','1',4.5),(140,'匿名用户','https://p0.meituan.net/mmc/89bec9d64cde38d441cf976f751c482e3788.png@148w_148h_1e_1c','2019-04-5','差评。没吃过这么不舒服的。','菌香过桥米线','0',4.5),(141,'匿名用户','https://p0.meituan.net/mmc/89bec9d64cde38d441cf976f751c482e3788.png@148w_148h_1e_1c','2019-07-5','不好不好不好不好','菌香过桥米线','0',4.5),(142,'匿名用户','https://p0.meituan.net/mmc/89bec9d64cde38d441cf976f751c482e3788.png@148w_148h_1e_1c','2018-03-5','哎，不想吐槽','牛排 2 选 1','0',4.5),(143,'匿名用户','https://p0.meituan.net/mmc/89bec9d64cde38d441cf976f751c482e3788.png@148w_148h_1e_1c','2018-05-5','总体感觉很好。','牛排 2 选 1','1',4.5),(144,'匿名用户','https://p0.meituan.net/mmc/89bec9d64cde38d441cf976f751c482e3788.png@148w_148h_1e_1c','2018-07-5','非常好，经常来非常值得！点赞！','牛排 2 选 1','1',4.5),(145,'匿名用户','https://p0.meituan.net/mmc/89bec9d64cde38d441cf976f751c482e3788.png@148w_148h_1e_1c','2019-04-5','差评。没吃过这么不舒服的。','牛排 2 选 1','0',4.5),(146,'匿名用户','https://p0.meituan.net/mmc/89bec9d64cde38d441cf976f751c482e3788.png@148w_148h_1e_1c','2019-07-5','不好不好不好不好','牛排 2 选 1','0',4.5),(147,'匿名用户','https://p0.meituan.net/mmc/89bec9d64cde38d441cf976f751c482e3788.png@148w_148h_1e_1c','2018-03-5','哎，不想吐槽','豪品牛排 2 人餐','0',4.5),(148,'匿名用户','https://p0.meituan.net/mmc/89bec9d64cde38d441cf976f751c482e3788.png@148w_148h_1e_1c','2018-05-5','总体感觉很好。','豪品牛排 2 人餐','1',4.5),(149,'匿名用户','https://p0.meituan.net/mmc/89bec9d64cde38d441cf976f751c482e3788.png@148w_148h_1e_1c','2018-07-5','非常好，经常来非常值得！点赞！','豪品牛排 2 人餐','1',4.5),(150,'匿名用户','https://p0.meituan.net/mmc/89bec9d64cde38d441cf976f751c482e3788.png@148w_148h_1e_1c','2019-04-5','差评。没吃过这么不舒服的。','豪品牛排 2 人餐','0',4.5),(151,'匿名用户','https://p0.meituan.net/mmc/89bec9d64cde38d441cf976f751c482e3788.png@148w_148h_1e_1c','2019-07-5','不好不好不好不好','豪品牛排 2 人餐','0',4.5),(152,'匿名用户','https://p0.meituan.net/mmc/89bec9d64cde38d441cf976f751c482e3788.png@148w_148h_1e_1c','2018-03-5','哎，不想吐槽','牛排 2 选1','0',4.5),(153,'匿名用户','https://p0.meituan.net/mmc/89bec9d64cde38d441cf976f751c482e3788.png@148w_148h_1e_1c','2018-05-5','总体感觉很好。','牛排 2 选1','1',4.5),(154,'匿名用户','https://p0.meituan.net/mmc/89bec9d64cde38d441cf976f751c482e3788.png@148w_148h_1e_1c','2018-07-5','非常好，经常来非常值得！点赞！','牛排 2 选1','1',4.5),(155,'匿名用户','https://p0.meituan.net/mmc/89bec9d64cde38d441cf976f751c482e3788.png@148w_148h_1e_1c','2019-04-5','差评。没吃过这么不舒服的。','牛排 2 选1','0',4.5),(156,'匿名用户','https://p0.meituan.net/mmc/89bec9d64cde38d441cf976f751c482e3788.png@148w_148h_1e_1c','2019-07-5','不好不好不好不好','牛排 2 选1','0',4.5),(157,'匿名用户','https://p0.meituan.net/mmc/89bec9d64cde38d441cf976f751c482e3788.png@148w_148h_1e_1c','2018-03-5','哎，不想吐槽','单人自助晚餐','0',4.5),(158,'匿名用户','https://p0.meituan.net/mmc/89bec9d64cde38d441cf976f751c482e3788.png@148w_148h_1e_1c','2018-05-5','总体感觉很好。','单人自助晚餐','1',4.5),(159,'匿名用户','https://p0.meituan.net/mmc/89bec9d64cde38d441cf976f751c482e3788.png@148w_148h_1e_1c','2018-07-5','非常好，经常来非常值得！点赞！','单人自助晚餐','1',4.5),(160,'匿名用户','https://p0.meituan.net/mmc/89bec9d64cde38d441cf976f751c482e3788.png@148w_148h_1e_1c','2019-04-5','差评。没吃过这么不舒服的。','单人自助晚餐','0',4.5),(161,'匿名用户','https://p0.meituan.net/mmc/89bec9d64cde38d441cf976f751c482e3788.png@148w_148h_1e_1c','2019-07-5','不好不好不好不好','单人自助晚餐','0',4.5),(162,'匿名用户','https://p0.meituan.net/mmc/89bec9d64cde38d441cf976f751c482e3788.png@148w_148h_1e_1c','2018-03-5','哎，不想吐槽','2-3 人海鲜2-3家庭餐','0',4.5),(163,'匿名用户','https://p0.meituan.net/mmc/89bec9d64cde38d441cf976f751c482e3788.png@148w_148h_1e_1c','2018-05-5','总体感觉很好。','2-3 人海鲜2-3家庭餐','1',4.5),(164,'匿名用户','https://p0.meituan.net/mmc/89bec9d64cde38d441cf976f751c482e3788.png@148w_148h_1e_1c','2018-07-5','非常好，经常来非常值得！点赞！','2-3 人海鲜2-3家庭餐','1',4.5),(165,'匿名用户','https://p0.meituan.net/mmc/89bec9d64cde38d441cf976f751c482e3788.png@148w_148h_1e_1c','2019-04-5','差评。没吃过这么不舒服的。','2-3 人海鲜2-3家庭餐','0',4.5),(166,'匿名用户','https://p0.meituan.net/mmc/89bec9d64cde38d441cf976f751c482e3788.png@148w_148h_1e_1c','2019-07-5','不好不好不好不好','2-3 人海鲜2-3家庭餐','0',4.5),(167,'匿名用户','https://p0.meituan.net/mmc/89bec9d64cde38d441cf976f751c482e3788.png@148w_148h_1e_1c','2018-03-5','哎，不想吐槽','海鲜大咖 4 人餐','0',4.5),(168,'匿名用户','https://p0.meituan.net/mmc/89bec9d64cde38d441cf976f751c482e3788.png@148w_148h_1e_1c','2018-05-5','总体感觉很好。','海鲜大咖 4 人餐','1',4.5),(169,'匿名用户','https://p0.meituan.net/mmc/89bec9d64cde38d441cf976f751c482e3788.png@148w_148h_1e_1c','2018-07-5','非常好，经常来非常值得！点赞！','海鲜大咖 4 人餐','1',4.5),(170,'匿名用户','https://p0.meituan.net/mmc/89bec9d64cde38d441cf976f751c482e3788.png@148w_148h_1e_1c','2019-04-5','差评。没吃过这么不舒服的。','海鲜大咖 4 人餐','0',4.5),(171,'匿名用户','https://p0.meituan.net/mmc/89bec9d64cde38d441cf976f751c482e3788.png@148w_148h_1e_1c','2019-07-5','不好不好不好不好','海鲜大咖 4 人餐','0',4.5),(172,'匿名用户','https://p0.meituan.net/mmc/89bec9d64cde38d441cf976f751c482e3788.png@148w_148h_1e_1c','2018-03-5','哎，不想吐槽','美味双人餐','0',4.5),(173,'匿名用户','https://p0.meituan.net/mmc/89bec9d64cde38d441cf976f751c482e3788.png@148w_148h_1e_1c','2018-05-5','总体感觉很好。','美味双人餐','1',4.5),(174,'匿名用户','https://p0.meituan.net/mmc/89bec9d64cde38d441cf976f751c482e3788.png@148w_148h_1e_1c','2018-07-5','非常好，经常来非常值得！点赞！','美味双人餐','1',4.5),(175,'匿名用户','https://p0.meituan.net/mmc/89bec9d64cde38d441cf976f751c482e3788.png@148w_148h_1e_1c','2019-04-5','差评。没吃过这么不舒服的。','美味双人餐','0',4.5),(176,'匿名用户','https://p0.meituan.net/mmc/89bec9d64cde38d441cf976f751c482e3788.png@148w_148h_1e_1c','2019-07-5','不好不好不好不好','美味双人餐','0',4.5),(177,'匿名用户','https://p0.meituan.net/mmc/89bec9d64cde38d441cf976f751c482e3788.png@148w_148h_1e_1c','2018-03-5','哎，不想吐槽','齐小团秘制凉皮','0',4.5),(178,'匿名用户','https://p0.meituan.net/mmc/89bec9d64cde38d441cf976f751c482e3788.png@148w_148h_1e_1c','2018-05-5','总体感觉很好。','齐小团秘制凉皮','1',4.5),(179,'匿名用户','https://p0.meituan.net/mmc/89bec9d64cde38d441cf976f751c482e3788.png@148w_148h_1e_1c','2018-07-5','非常好，经常来非常值得！点赞！','齐小团秘制凉皮','1',4.5),(180,'匿名用户','https://p0.meituan.net/mmc/89bec9d64cde38d441cf976f751c482e3788.png@148w_148h_1e_1c','2019-04-5','差评。没吃过这么不舒服的。','齐小团秘制凉皮','0',4.5),(181,'匿名用户','https://p0.meituan.net/mmc/89bec9d64cde38d441cf976f751c482e3788.png@148w_148h_1e_1c','2019-07-5','不好不好不好不好','齐小团秘制凉皮','0',4.5),(182,'匿名用户','https://p0.meituan.net/mmc/89bec9d64cde38d441cf976f751c482e3788.png@148w_148h_1e_1c','2018-03-5','哎，不想吐槽','齐小团精致单人餐','0',4.5),(183,'匿名用户','https://p0.meituan.net/mmc/89bec9d64cde38d441cf976f751c482e3788.png@148w_148h_1e_1c','2018-05-5','总体感觉很好。','齐小团精致单人餐','1',4.5),(184,'匿名用户','https://p0.meituan.net/mmc/89bec9d64cde38d441cf976f751c482e3788.png@148w_148h_1e_1c','2018-07-5','非常好，经常来非常值得！点赞！','齐小团精致单人餐','1',4.5),(185,'匿名用户','https://p0.meituan.net/mmc/89bec9d64cde38d441cf976f751c482e3788.png@148w_148h_1e_1c','2019-04-5','差评。没吃过这么不舒服的。','齐小团精致单人餐','0',4.5),(186,'匿名用户','https://p0.meituan.net/mmc/89bec9d64cde38d441cf976f751c482e3788.png@148w_148h_1e_1c','2019-07-5','不好不好不好不好','齐小团精致单人餐','0',4.5),(187,'张三666','https://p0.meituan.net/mmc/89bec9d64cde38d441cf976f751c482e3788.png@148w_148h_1e_1c','2019-10-1 17:48','还行，测试评论','豪品牛排 2 人餐','1',4),(188,'张三666','https://p0.meituan.net/mmc/89bec9d64cde38d441cf976f751c482e3788.png@148w_148h_1e_1c','2019-10-1 19:35','测试评论','豪品牛排 2 人餐','1',4.5),(189,'张三666','https://p0.meituan.net/mmc/89bec9d64cde38d441cf976f751c482e3788.png@148w_148h_1e_1c','2019-10-1 19:45','我Uoiuiouoi','单人牛排猪排','0',3),(190,'张三666','https://p0.meituan.net/mmc/89bec9d64cde38d441cf976f751c482e3788.png@148w_148h_1e_1c','2019-10-1 19:46','看就好看就好看就好见客户看和客户接口hk','聚会 3-4 人餐','0',3),(191,'张三666','https://p0.meituan.net/mmc/89bec9d64cde38d441cf976f751c482e3788.png@148w_148h_1e_1c','2019-10-1 20:6','挺好，手机测试基本通过','致炫自助双人晚餐','0',4),(192,'张三666','https://p0.meituan.net/mmc/89bec9d64cde38d441cf976f751c482e3788.png@148w_148h_1e_1c','2019-10-1 20:22','手机qq浏览器测试成功','单人牛排猪排','1',5),(193,'张三666','https://p0.meituan.net/mmc/89bec9d64cde38d441cf976f751c482e3788.png@148w_148h_1e_1c','2019-10-1 20:23','手机qq浏览器测试','优质 2 人餐','1',5),(194,'张三666','https://p0.meituan.net/mmc/89bec9d64cde38d441cf976f751c482e3788.png@148w_148h_1e_1c','2019-10-1 21:2','真好吃，测试通过','牛排 2 选1','1',5),(195,'张三666','https://p0.meituan.net/mmc/89bec9d64cde38d441cf976f751c482e3788.png@148w_148h_1e_1c','2019-10-1 21:4','测试ok','牛排 2 选 1','1',5),(196,'张三666','https://p0.meituan.net/mmc/89bec9d64cde38d441cf976f751c482e3788.png@148w_148h_1e_1c','2019-10-1 21:6','测试测试测试','牛排 2 选 1','1',5),(197,'张三666','https://p0.meituan.net/mmc/89bec9d64cde38d441cf976f751c482e3788.png@148w_148h_1e_1c','2019-10-1 21:17','测试了测试了','优质 2 人餐','1',5),(198,'张三666','https://p0.meituan.net/mmc/89bec9d64cde38d441cf976f751c482e3788.png@148w_148h_1e_1c','2019-10-1 21:19','测试蛋糕','6英寸欧式水果蛋糕（helloKitty海绵宝宝、多啦a梦）免费赠送蜡烛、配送叉盘- 1 个','1',5),(199,'张三666','https://p0.meituan.net/mmc/89bec9d64cde38d441cf976f751c482e3788.png@148w_148h_1e_1c','2019-10-1 21:31','测得得得得','优质 2 人餐','1',4.5),(200,'张三666','https://p0.meituan.net/mmc/89bec9d64cde38d441cf976f751c482e3788.png@148w_148h_1e_1c','2019-10-1 21:32','烦人哦去拍呃呃呃呃哦子','元品单人牛排','1',5),(201,'null','https://p0.meituan.net/mmc/89bec9d64cde38d441cf976f751c482e3788.png@148w_148h_1e_1c','2019-10-1 21:53','哈哈哈哈哈哈啊哈哈','聚会 3-4 人餐','1',5),(202,'u1234','https://p0.meituan.net/mmc/89bec9d64cde38d441cf976f751c482e3788.png@148w_148h_1e_1c','2019-10-2 13:21','sdafasfsdafasd  afadfa ','6英寸欧式水果蛋糕（helloKitty海绵宝宝、多啦a梦）免费赠送蜡烛、配送叉盘- 1 个','1',5),(203,'张三666','https://p0.meituan.net/mmc/89bec9d64cde38d441cf976f751c482e3788.png@148w_148h_1e_1c','2019-10-6 18:39','评价测试，看，，，，，','单人牛排猪排','1',5),(204,'张三666','https://p0.meituan.net/mmc/89bec9d64cde38d441cf976f751c482e3788.png@148w_148h_1e_1c','2019-10-6 22:3','挺好的，md5加密完成','6英寸欧式水果蛋糕（helloKitty海绵宝宝、多啦a梦）免费赠送蜡烛、配送叉盘- 1 个','1',4.5),(205,'张三666','https://p0.meituan.net/mmc/89bec9d64cde38d441cf976f751c482e3788.png@148w_148h_1e_1c','2019-10-6 22:23','sql注入，防止成功','6英寸欧式水果蛋糕（helloKitty海绵宝宝、多啦a梦）免费赠送蜡烛、配送叉盘- 1 个','1',4.5),(206,'张三666','https://p0.meituan.net/mmc/89bec9d64cde38d441cf976f751c482e3788.png@148w_148h_1e_1c','2019-10-6 22:43','的点点滴滴','优质 2 人餐','1',4),(207,'张三666','https://p0.meituan.net/mmc/89bec9d64cde38d441cf976f751c482e3788.png@148w_148h_1e_1c','2019-10-6 22:45','手动阀快递费','优质 2 人餐','1',4),(208,'张三666','https://p0.meituan.net/mmc/89bec9d64cde38d441cf976f751c482e3788.png@148w_148h_1e_1c','2019-10-24 21:34','cehsksjdlkfjklasdf','豪华 2 人餐','1',4);
/*!40000 ALTER TABLE `comment` ENABLE KEYS */;
UNLOCK TABLES;

--
-- Table structure for table `food`
--

DROP TABLE IF EXISTS `food`;
/*!40101 SET @saved_cs_client     = @@character_set_client */;
 SET character_set_client = utf8mb4 ;
CREATE TABLE `food` (
  `s_name` varchar(50) NOT NULL,
  `star_num` int(11) NOT NULL,
  `num` float NOT NULL,
  `sold` int(11) NOT NULL,
  `price` float NOT NULL,
  `foodname` varchar(100) NOT NULL,
  `shop_info` varchar(100) NOT NULL,
  `title_img` varchar(200) NOT NULL,
  `collect` varchar(10) NOT NULL,
  PRIMARY KEY (`foodname`),
  KEY `s_name_idx` (`s_name`),
  CONSTRAINT `s_name` FOREIGN KEY (`s_name`) REFERENCES `shopdetail` (`shop_name`)
) ENGINE=InnoDB DEFAULT CHARSET=utf8;
/*!40101 SET character_set_client = @saved_cs_client */;

--
-- Dumping data for table `food`
--

LOCK TABLES `food` WRITE;
/*!40000 ALTER TABLE `food` DISABLE KEYS */;
INSERT INTO `food` VALUES ('锅鲜生·蒸汽海鲜',4,3.8,158,188,'2-3 人海鲜2-3家庭餐','鲤城区锦美路新天城市广场4楼','http://localhost:8000/images/upload_c90f28934c277c841cd21668fa2bdd1b.jpg','false'),('旺坞蒸府·蒸汽海鲜',4,4.4,190,278,'2-4 人抢购海鲜套餐','鲤城区新门街源和1916创意园旧面粉厂M12栋','https://p0.meituan.net/deal/3b096da53b67615bb2fc9cbaa4a9199b78416.jpg@360w_328h_1e_1c','false'),('旺坞蒸府·蒸汽海鲜',4,4,19,368,'2-4 人海鲜大咖套餐','鲤城区新门街源和1916创意园旧面粉厂M12栋','https://p0.meituan.net/deal/48b840beb0e2e5df52bbfa59198b676693407.jpg@360w_328h_1e_1c','false'),('哈迪斯蛋糕店',4,4.9,55,287,'6 英寸蛋糕 12 选 1','丰泽区丰泽区环清路（西湖公园）','https://p1.meituan.net/deal/5ca5909201f9ac8d2eef72c3d4b1357d316573.png@360w_328h_1e_1c','false'),('启达蛋糕',4,4.4,37252,79,'6 英寸蛋糕 7 选 1','晋江市池店镇泉安北路东山村西区32号','https://p0.meituan.net/deal/f6181357ba2727a44b74193946796ec5191816.jpg@360w_328h_1e_1c','false'),('储缘蛋糕',4,4.4,88891,48,'6英寸欧式水果蛋糕（helloKitty海绵宝宝、多啦a梦）免费赠送蜡烛、配送叉盘- 1 个','晋江市双景街126号','https://p0.meituan.net/deal/311b9e153de4a746947a2857e3667ea351513.jpg@360w_328h_1e_1c','false'),('启达蛋糕',4,4.5,55822,109,'8 英寸蛋糕 9 选 1','晋江市池店镇泉安北路东山村西区32号','https://p0.meituan.net/deal/2560b565cb9656e8be667576dce025e0247205.jpg@360w_328h_1e_1c','false'),('储缘蛋糕',4,4.3,13316,89,'8英寸儿童生日蛋糕8选1--（汽车）领先推出蛋糕店送货上门贴心服务的理念,同城3公里可免费配送到家!- 1 个','晋江市双景街126号','https://p0.meituan.net/deal/c6eafadbb1e7628525204504f02ae08c39479.jpg@360w_328h_1e_1c','false'),('储缘蛋糕',4,4.3,16288,88,'8英寸爱的主题--领先推出蛋糕店送货上门贴心服务的理念,同城3公里可免费配送到家! 1 个','晋江市双景街126号','https://p0.meituan.net/deal/aa5b48a2e2a6bce0bbe4534cd81c3f1565236.jpg@360w_328h_1e_1c','false'),('糯雅芳粥',4,4,1029,18.9,'❤养胃单人餐（店长强烈推荐）','丰泽区田安南路祥泰大厦一楼','https://p0.meituan.net/deal/ce3af9e7a3b0385158eb31316180947c665112.jpg@360w_328h_1e_1c','false'),('糯雅芳粥',4,4.3,609,15.9,'❤招牌养生粥 3 选 1','丰泽区田安南路祥泰大厦一楼','https://p1.meituan.net/deal/8e9d39dd782c388afb200eb305fd9e72626965.jpg@360w_328h_1e_1c','false'),('二回熟台式涮涮锅',5,5,1032,128,'优质 2 人餐','丰泽区浦西万达广场3楼（万达影院）','https://p0.meituan.net/deal/b1854a6dcbfbeb30edee81f37310b51a102456.jpg@360w_328h_1e_1c','false'),('蒙自源',4,5,134789,25,'傣味酸汤米线+回味素串串','晋江市世纪大道888号（近蜀巴烤鱼）万达广场3楼','https://p0.meituan.net/deal/efe871d3696d35b507c9e98890fc28f394692.jpg@360w_328h_1e_1c','false'),('元品咖啡',4,4,1109,48,'元品单人牛排','晋江市新华街翠山苑15栋2层3-12号店','http://p1.meituan.net/deal/8c91db01fe828206a677e20e5f4dc44a56887.jpg@360w_328h_1e_1c','false'),('屋里香特色小龙虾',4,4.5,1,118,'十三香小龙虾','晋江市青阳街道阳光社区阳光路青莲南区10-7、10-8号','https://p1.meituan.net/deal/8680f98c73d6c10580edc9498025c5d9148486.jpg@360w_328h_1e_1c','false'),('元品咖啡',4,4,1378,55,'单人牛排猪排','晋江市新华街翠山苑15栋2层3-12号店','http://p1.meituan.net/deal/8c91db01fe828206a677e20e5f4dc44a56887.jpg@360w_328h_1e_1c','false'),('迎宾馆海峡西餐厅',4,3.7,1518,178,'单人自助晚餐','丰泽区通港东街168号6号楼1楼','https://p1.meituan.net/deal/__35955249__5772967.jpg@360w_328h_1e_1c','false'),('棠心甜品',0,0,0,0,'无',' ',' ','false'),('正新鸡排',4,4.4,83019,10.9,'正新鸡排','鲤城区新华北路开元盛世广场负一层大润发超市内','https://p0.meituan.net/deal/d53ea41278d281120780a1e69aa8444150332.jpg@360w_328h_1e_1c','false'),('锅鲜生·蒸汽海鲜',4,3.9,192,288,'海鲜大咖 4 人餐','鲤城区锦美路新天城市广场4楼','https://p0.meituan.net/deal/24bfce1ec93487a0e06cae44f9f9c79631692.jpg@360w_328h_1e_1c','false'),('烧客自助炭火烤肉',4,4.5,8084,66.5,'烧客自助 午餐','鲤城区东街中段118号金星大酒店停车场旁（军分区司令部大门旁边）','https://p1.meituan.net/deal/84744f2e3d2ce9e2733305e44e6ecf4c57341.jpg@360w_328h_1e_1c','false'),('烧客自助炭火烤肉',4,4.9,22153,79,'烧客自助 晚餐','鲤城区东街中段118号金星大酒店停车场旁（军分区司令部大门旁边）','https://p1.meituan.net/deal/24d30cdc588ef4ebe64fc4387f3ddab171602.jpg@360w_328h_1e_1c','false'),('豪品世家牛排',4,3.8,134,49.9,'牛排 2 选 1','安溪县德苑路双安寺旁','https://p0.meituan.net/deal/d5fb31ba28aadacd67ecec964c2397d922011.jpg@360w_328h_1e_1c','false'),('贵族世家牛排',4,4.7,2130,68.9,'牛排 2 选1','丰泽区浦西万达金街3号酒楼北侧（音乐喷泉旁边）','https://p1.meituan.net/deal/75cbfc342024b4fa7706ec5edbf25acc49766.jpg@360w_328h_1e_1c','false'),('糯雅芳粥',4,4.1,643,9.8,'皮蛋瘦肉粥','丰泽区田安南路祥泰大厦一楼','https://p0.meituan.net/deal/49ca473c88926e3a17f7d39d7b3f37401264359.jpg@360w_328h_1e_1c','false'),('鲜儒豆浆',4,3.3,2,32,'美味双人餐','丰泽区福田路48号','https://p0.meituan.net/deal/99d42d0b7a9f8189c0228fd93d21dc74675605.jpg@360w_328h_1e_1c','false'),('二回熟台式涮涮锅',4,4.6,579,218,'聚会 3-4 人餐','丰泽区浦西万达广场3楼（万达影院）','https://p0.meituan.net/deal/9190c8a8115d56f2a5f8b7e70b6c4859576048.jpg@360w_328h_1e_1c','false'),('渔纬港海鲜自助',4,4.5,3352,288,'致炫双人自助午餐','丰泽区浦西万达广场3楼（王品台塑牛排旁）','https://p0.meituan.net/deal/60a4f9e474562eb6541f770fd4fbcb2340469.jpg@360w_328h_1e_1c','false'),('渔纬港海鲜自助',4,4.9,9484,308,'致炫自助双人晚餐','丰泽区浦西万达广场3楼（王品台塑牛排旁）','https://p0.meituan.net/deal/60a4f9e474562eb6541f770fd4fbcb2340469.jpg@360w_328h_1e_1c','false'),('渔纬港海鲜自助',4,4.6,15404,155,'致炫自助晚餐','丰泽区浦西万达广场3楼（王品台塑牛排旁）','https://p0.meituan.net/deal/60a4f9e474562eb6541f770fd4fbcb2340469.jpg@360w_328h_1e_1c','false'),('蒙自源',4,5,134789,22,'菌香肥牛过桥饭+小木耳+金桔柠檬茶','晋江市世纪大道888号（近蜀巴烤鱼）万达广场3楼','https://p0.meituan.net/deal/efe871d3696d35b507c9e98890fc28f394692.jpg@360w_328h_1e_1c','false'),('蒙自源',4,5,195789,22,'菌香过桥米线','晋江市世纪大道888号（近蜀巴烤鱼）万达广场3楼','https://p0.meituan.net/deal/a68ab4672f2b40e81686399bbfed7002118553.jpg@360w_328h_1e_1c','false'),('屋里香特色小龙虾',4,4,0,138,'虾兵蟹将','晋江市青阳街道阳光社区阳光路青莲南区10-7、10-8号','https://p0.meituan.net/deal/be7818952c94e66294127710553d474d152547.jpg@360w_328h_1e_1c','false'),('二回熟台式涮涮锅',4,4.6,933,158,'豪华 2 人餐','丰泽区浦西万达广场3楼（万达影院）','https://p1.meituan.net/deal/ce716fa434d912cb07cf0d952a9b47fd186818.jpg@360w_328h_1e_1c','false'),('豪品世家牛排',4,3.7,134,108,'豪品牛排 2 人餐','安溪县德苑路双安寺旁','https://p0.meituan.net/deal/5fd8cf2adc3e03e0946056d0455f5e7a31474.jpg@360w_328h_1e_1c','false'),('尊宝比萨',4,4,6936,16,'黄金蝴蝶虾','晋江市新华街翠山苑15栋2层3-12号店','http://p1.meituan.net/deal/8c91db01fe828206a677e20e5f4dc44a56887.jpg@360w_328h_1e_1c','false'),('齐小团·煎饼',4,4,198,10.9,'齐小团秘制凉皮','丰泽区泉州金街宝洲路689号万达3楼麦当劳旁','https://p1.meituan.net/deal/7c833f057b0fbf9abd90c21383a86f8673136.jpg@360w_328h_1e_1c','false'),('齐小团·煎饼',4,4.2,525,15,'齐小团精致单人餐','丰泽区泉州金街宝洲路689号万达3楼麦当劳旁','https://p0.meituan.net/deal/9fe462bc54991eb9a6841ca36579f0ce27500.jpg@360w_328h_1e_1c','false');
/*!40000 ALTER TABLE `food` ENABLE KEYS */;
UNLOCK TABLES;

--
-- Table structure for table `imgbar`
--

DROP TABLE IF EXISTS `imgbar`;
/*!40101 SET @saved_cs_client     = @@character_set_client */;
 SET character_set_client = utf8mb4 ;
CREATE TABLE `imgbar` (
  `id` int(11) NOT NULL AUTO_INCREMENT,
  `shopname` varchar(45) NOT NULL,
  `imgurl` varchar(100) NOT NULL,
  PRIMARY KEY (`id`)
) ENGINE=InnoDB AUTO_INCREMENT=111 DEFAULT CHARSET=utf8;
/*!40101 SET character_set_client = @saved_cs_client */;

--
-- Dumping data for table `imgbar`
--

LOCK TABLES `imgbar` WRITE;
/*!40000 ALTER TABLE `imgbar` DISABLE KEYS */;
INSERT INTO `imgbar` VALUES (1,'二回熟台式涮涮锅','https://p1.meituan.net/deal/8b7c2cff5619b881cb310d3e5dc3f40d242026.jpg@600w_500h_1e_1c'),(2,'二回熟台式涮涮锅','https://p0.meituan.net/deal/d0ec3ab0cce7180a247166f724a63a24256408.jpg@600w_500h_1e_1c'),(3,'二回熟台式涮涮锅','https://p1.meituan.net/deal/6e62a8fc6fe27e8c68071a40835e2f6131226.jpg@600w_500h_1e_1c'),(4,'二回熟台式涮涮锅','https://p1.meituan.net/deal/6e62a8fc6fe27e8c68071a40835e2f6131226.jpg@600w_500h_1e_1c'),(5,'二回熟台式涮涮锅','https://p0.meituan.net/deal/__45313463__5950054.jpg@600w_500h_1e_1c'),(6,'二回熟台式涮涮锅','https://p0.meituan.net/deal/0e7be5ea82cf90b729864d44be5de579472204.jpg@600w_500h_1e_1c'),(8,'二回熟台式涮涮锅','https://p0.meituan.net/dealwatera/e7c21930c165dd12ffb4ff4f43cca73866172.jpg@600w_500h_1e_1c'),(9,'储缘蛋糕','https://p0.meituan.net/mogu/8df14b6ef345e10bd4c89ee036d1b38a96439.jpg@600w_500h_1e_1c'),(10,'储缘蛋糕','https://p0.meituan.net/mogu/a66fdf98f1678a4fe53fc2abbccd096b71477.jpg@600w_500h_1e_1c'),(11,'储缘蛋糕','https://p0.meituan.net/scarlett/dd40062805e73a876692b9589339b1c6223571.png@600w_500h_1e_1c'),(12,'储缘蛋糕','https://p1.meituan.net/shaitu/53c77bffc92fc0ace8d216070bf2686849383.jpg@600w_500h_1e_1c'),(13,'元品咖啡','https://p0.meituan.net/deal/22144177003f8762c3386b34b3473523237091.jpg@600w_500h_1e_1c'),(14,'元品咖啡','https://p1.meituan.net/deal/cab3d716d42a075ec636dd3abc12ae71241532.jpg@600w_500h_1e_1c'),(15,'元品咖啡','https://p1.meituan.net/shaitu/c54fe1780627e2e1c9566de633153db6112347.jpg@600w_500h_1e_1c'),(16,'元品咖啡','https://p0.meituan.net/deal/04788dfae6a467f001c6953c62f495d0282504.jpg@600w_500h_1e_1c'),(17,'元品咖啡','https://p1.meituan.net/dealwatera/a7f79537aa565607df2434e9b95ea9f263951.jpg@600w_500h_1e_1c'),(18,'元品咖啡','https://p1.meituan.net/mogu/63208bb25bc1c365ae6e95f7d7cfb392111241.jpg@600w_500h_1e_1c'),(19,'元品咖啡','https://p0.meituan.net/deal/6400a66d0be54a38c0816d7619515bb6126825.jpg@600w_500h_1e_1c'),(20,'启达蛋糕','https://img.meituan.net/msmerchant/ab00980326811ad7c46cd9a7b92920c384632.jpg@600w_500h_1e_1c'),(21,'启达蛋糕','https://p1.meituan.net/mogu/fa7be7bd984259595ff2babc2d8775f5228925.jpg@600w_500h_1e_1c'),(22,'启达蛋糕','https://img.meituan.net/msmerchant/45794e6144a67696a3c91e06c25c65ec342518.jpg@600w_500h_1e_1c'),(23,'哈迪斯蛋糕店','https://p1.meituan.net/deal/65e15d1ad2e92c6c70c7fbf081ad71d8301590.jpg@600w_500h_1e_1c'),(24,'哈迪斯蛋糕店','https://p1.meituan.net/deal/4331515fd110e7473fcc3ca84d034381254285.jpg@600w_500h_1e_1c'),(25,'哈迪斯蛋糕店','https://p1.meituan.net/deal/5ab43e104343e05d405644204bfd7ac6261973.jpg@600w_500h_1e_1c'),(26,'哈迪斯蛋糕店','https://p1.meituan.net/deal/b360c0f105782fe7d7d11322d523788a281749.jpg@600w_500h_1e_1c'),(27,'哈迪斯蛋糕店','https://p1.meituan.net/shaitu/ff24961bf10f8b8f3a7b2a88cc2fda0e53753.jpg@600w_500h_1e_1c'),(28,'尊宝比萨','https://p1.meituan.net/mogu/e696d2a6c021995608f0a7b370bea8ac487115.jpg@600w_500h_1e_1c'),(29,'尊宝比萨','https://p1.meituan.net/mogu/5f99c0da76ab1d7094d59c3bd94776fc222178.jpg@600w_500h_1e_1c'),(30,'尊宝比萨','https://p1.meituan.net/mogu/b987d13d6c961119ef4ecb89acf24418511398.jpg@600w_500h_1e_1c'),(31,'尊宝比萨','https://p1.meituan.net/mogu/ad3d24556d25b2af93d3b92a58c9d7d188477.jpg@600w_500h_1e_1c'),(32,'尊宝比萨','https://p1.meituan.net/deal/3e41c45496410051ec9393d5ac6296e8283689.jpg@600w_500h_1e_1c'),(33,'尊宝比萨','https://p0.meituan.net/deal/6a831ebfd0a946acafd36ee9f9931df6118928.jpg@600w_500h_1e_1c'),(34,'尊宝比萨','https://p0.meituan.net/deal/23e1ce9e4b5d760e01f1c2e5d5edabb2452281.jpg@600w_500h_1e_1c'),(35,'屋里香特色小龙虾','https://p0.meituan.net/deal/421830dc69b1fea538cc1ccf3c43cfb822481.jpg@600w_500h_1e_1c'),(36,'旺坞蒸府·蒸汽海鲜','https://img.meituan.net/msmerchant/403a182cea1343d01889b16bf6cf6e64161014.jpg@600w_500h_1e_1c'),(37,'旺坞蒸府·蒸汽海鲜','https://img.meituan.net/msmerchant/45ca0e3e56bbe5e4b6b541f37e768c3f170292.jpg@600w_500h_1e_1c'),(38,'旺坞蒸府·蒸汽海鲜','https://img.meituan.net/msmerchant/5c399f7b9bb18fa36fdeba6b67b7713b156950.jpg@600w_500h_1e_1c'),(39,'旺坞蒸府·蒸汽海鲜','https://img.meituan.net/msmerchant/2b72f01477454ff32ab02c76b65f8c10117565.jpg@600w_500h_1e_1c'),(40,'旺坞蒸府·蒸汽海鲜','https://img.meituan.net/msmerchant/6717120622a106fc8d98a4e56ba88369245557.jpg@600w_500h_1e_1c'),(41,'旺坞蒸府·蒸汽海鲜','https://img.meituan.net/msmerchant/d2362e27acde8720aaea3c1c4e5c2a5c5952207.jpg@600w_500h_1e_1c'),(42,'旺坞蒸府·蒸汽海鲜','https://img.meituan.net/msmerchant/79c83f256d137a6629c5353f2a7320bd223429.jpg@600w_500h_1e_1c'),(43,'旺坞蒸府·蒸汽海鲜','https://img.meituan.net/msmerchant/2038196a420d34a49753e18abe0146e1196970.jpg@600w_500h_1e_1c'),(44,'旺坞蒸府·蒸汽海鲜','https://img.meituan.net/msmerchant/2e13a22bec9826c05c2f2ff683dda64f127027.jpg@600w_500h_1e_1c'),(45,'棠心甜品','https://img.meituan.net/msmerchant/3dced6b948a0caabe18c6a94975bde1b28746.jpg@600w_500h_1e_1c'),(46,'棠心甜品','https://img.meituan.net/msmerchant/4e3b295ae017df3a3fb4ec2e5e05287292693.jpg@600w_500h_1e_1c'),(47,'棠心甜品','https://img.meituan.net/msmerchant/0ddaea0eb3391aef6fd69ba8d693019a57213.jpg@600w_500h_1e_1c'),(48,'棠心甜品','https://img.meituan.net/msmerchant/9a830a9821ef2163018997cbea73e2b02446992.jpg@600w_500h_1e_1c'),(49,'棠心甜品','https://img.meituan.net/msmerchant/696b7ff4e16688c7fc4fda6a7fab4f4b1239170.jpg@600w_500h_1e_1c'),(50,'棠心甜品','https://img.meituan.net/msmerchant/6ed93883e9876ac26693af45fa97d296807549.jpg@600w_500h_1e_1c'),(51,'棠心甜品','https://img.meituan.net/msmerchant/01349c4f734b57badea37bea87f71fe07524255.png@600w_500h_1e_1c'),(52,'棠心甜品','https://img.meituan.net/msmerchant/268186bb30073ce75ded1ba09351dec4850874.jpg@600w_500h_1e_1c'),(53,'棠心甜品','https://img.meituan.net/msmerchant/a78b95d23574df780f69c4d47ddb5f8872097.jpg@600w_500h_1e_1c'),(54,'棠心甜品','https://img.meituan.net/msmerchant/f4c2dd0108c13463e6bc0b8f68b92aac49893.jpg@600w_500h_1e_1c'),(55,'正新鸡排','https://p0.meituan.net/deal/bedc8962d89ee835ca027da8ff81c17165425.jpg@600w_500h_1e_1c'),(56,'渔纬港海鲜自助','https://img.meituan.net/msmerchant/1bbd2f8d6c2da50dc3e18b0177487ab2611139.jpg@600w_500h_1e_1c'),(57,'渔纬港海鲜自助','https://img.meituan.net/msmerchant/208db5eb5c5679eac5cf08284dcbd750196017.jpg@600w_500h_1e_1c'),(58,'烧客自助炭火烤肉','https://p0.meituan.net/deal/c545a32baee57a66a3acac0a8e7e50e3119221.jpg@600w_500h_1e_1c'),(59,'烧客自助炭火烤肉','https://p0.meituan.net/deal/7c9f8d33452eb7e71afa46981b108aa5114625.jpg@600w_500h_1e_1c'),(60,'烧客自助炭火烤肉','https://p1.meituan.net/deal/02d2d99fd8df3b8219c023c8fe2224ca119635.jpg@600w_500h_1e_1c'),(61,'烧客自助炭火烤肉','https://p1.meituan.net/deal/8e6bdefcf2616ba534ee78511eec8633108013.jpg@600w_500h_1e_1c'),(62,'烧客自助炭火烤肉','https://p1.meituan.net/deal/25c1aa0015c53bbd005dc86b909ad1c4444682.jpg@600w_500h_1e_1c'),(63,'烧客自助炭火烤肉','https://p1.meituan.net/deal/c5a1975e22ef52acc92bf3f8a01fe5d9461585.jpg@600w_500h_1e_1c'),(64,'糯雅芳粥','https://img.meituan.net/msmerchant/797cac3490c042cc0f9a5e0a24df5a83174651.jpg@600w_500h_1e_1c'),(65,'糯雅芳粥','https://img.meituan.net/msmerchant/5b7c76772f568d885fc2f778b318eb76174759.jpg@600w_500h_1e_1c'),(66,'糯雅芳粥','https://img.meituan.net/msmerchant/4961fe7ed1d618fa940e904a60a0292b198377.jpg@600w_500h_1e_1c'),(67,'糯雅芳粥','https://img.meituan.net/msmerchant/0ea708c5ddbedb3a18bbee7ec3b36ece213357.jpg@600w_500h_1e_1c'),(68,'糯雅芳粥','https://img.meituan.net/msmerchant/0329e95b7cb829e355c98fdc2d3f5133463027.jpg@600w_500h_1e_1c'),(69,'蒙自源','https://img.meituan.net/msmerchant/2bb291359d3cd51270972f6b0b01cdad822289.png@600w_500h_1e_1c'),(70,'蒙自源','https://img.meituan.net/msmerchant/49914f361669511178b782cd5cbe6538851060.png@600w_500h_1e_1c'),(71,'蒙自源','https://img.meituan.net/msmerchant/47345f964266e248e2a35606f6afa27249908.jpg@600w_500h_1e_1c'),(72,'蒙自源','https://p1.meituan.net/shaitu/a2b50c1bd4e9da73988ddc8b79ffc925247881.jpg@600w_500h_1e_1c'),(73,'豪品世家牛排','https://img.meituan.net/msmerchant/1cb76c8ed59493de25d53e9a638c75b1498476.jpg@600w_500h_1e_1c'),(74,'豪品世家牛排','https://img.meituan.net/msmerchant/6eae5cfbaad29cb2787976bb82c26692349654.jpg@600w_500h_1e_1c'),(75,'豪品世家牛排','https://img.meituan.net/msmerchant/c625f5e8bdd5b40c3f769c34a1221c29427250.jpg@600w_500h_1e_1c'),(76,'豪品世家牛排','https://img.meituan.net/msmerchant/cf9e0bad4703d5a1bdb4620308b839e491905.jpg@600w_500h_1e_1c'),(77,'豪品世家牛排','https://img.meituan.net/msmerchant/062aa14114b1d9ceedf249acdf22b0bf112439.jpg@600w_500h_1e_1c'),(78,'豪品世家牛排','https://img.meituan.net/msmerchant/02a0a88246850250b48a478c30a22f6d45770.jpg@600w_500h_1e_1c'),(79,'豪品世家牛排','https://img.meituan.net/msmerchant/f55d855cd44b7ce0432fc969d48b7aa329213.jpg@600w_500h_1e_1c'),(80,'贵族世家牛排','https://p0.meituan.net/deal/__11613274__3369627.jpg@600w_500h_1e_1c'),(81,'贵族世家牛排','https://p1.meituan.net/deal/__11613275__8617319.jpg@600w_500h_1e_1c'),(82,'贵族世家牛排','https://p0.meituan.net/deal/__11613275__1079864.jpg@600w_500h_1e_1c'),(83,'贵族世家牛排','https://p0.meituan.net/deal/b22595da4e2341190f62e51f0e9806de226122.jpg@600w_500h_1e_1c'),(84,'贵族世家牛排','https://p1.meituan.net/shaitu/3bda824d3dedcff4e41a15b9869821a6123157.jpg@600w_500h_1e_1c'),(85,'贵族世家牛排','https://p0.meituan.net/deal/f57fc405d699d95825151c718a65f7d0265984.jpg@600w_500h_1e_1c'),(86,'贵族世家牛排','https://p1.meituan.net/deal/f661b4db7ded99db75bdd2dd057d8651239477.jpg@600w_500h_1e_1c'),(87,'迎宾馆海峡西餐厅','https://p1.meituan.net/mogu/f2678bfb4c95b949423da0066734016141290.jpg@600w_500h_1e_1c'),(88,'锅鲜生·蒸汽海鲜','https://img.meituan.net/msmerchant/936ca8eb0db60e974dcc110d580c022f46726.jpg@600w_500h_1e_1c'),(89,'锅鲜生·蒸汽海鲜','https://img.meituan.net/msmerchant/dc5190a01700ca989b3e7d33437ad6d064469.jpg@600w_500h_1e_1c'),(90,'锅鲜生·蒸汽海鲜','https://img.meituan.net/msmerchant/6c0f59fbb063d5b7fef1e3753c872482811225.png@600w_500h_1e_1c'),(91,'锅鲜生·蒸汽海鲜','https://img.meituan.net/msmerchant/b26110296095ef1a6fb34554fb3a2d9d81718.jpg@600w_500h_1e_1c'),(92,'锅鲜生·蒸汽海鲜','https://img.meituan.net/msmerchant/3b7b85e8b8dca6adde2109ee3aa0563963710.jpg@600w_500h_1e_1c'),(93,'锅鲜生·蒸汽海鲜','https://img.meituan.net/msmerchant/4a9847885f3e4a95844b313b8fa0fbc7169316.jpg@600w_500h_1e_1c'),(94,'锅鲜生·蒸汽海鲜','https://img.meituan.net/msmerchant/2edddc8662cdeb521c0ec9ac0b76c7c177990.jpg@600w_500h_1e_1c'),(95,'鲜儒豆浆','https://img.meituan.net/msmerchant/3c89d00154073bdace52a0c79845803563467.jpg@600w_500h_1e_1c'),(96,'鲜儒豆浆','https://img.meituan.net/msmerchant/dc59b2b332b711ce1d012783640b3c41246700.jpg@600w_500h_1e_1c'),(97,'鲜儒豆浆','https://img.meituan.net/msmerchant/06b20b296b68f4f6ffb08052a7103088218111.jpg@600w_500h_1e_1c'),(98,'鲜儒豆浆','https://img.meituan.net/msmerchant/bbd31c95c2f964e0b5869e5e8aa951bb1012504.jpg@600w_500h_1e_1c'),(99,'鲜儒豆浆','https://img.meituan.net/msmerchant/bc9ff674fa49cef7589195fb4209991b1047896.jpg@600w_500h_1e_1c'),(100,'鲜儒豆浆','https://img.meituan.net/msmerchant/904c497c9851c08955db7b3f403daf926528994.jpg@600w_500h_1e_1c'),(101,'鲜儒豆浆','https://img.meituan.net/msmerchant/53dfcbff99913cf219b4fbfe1ff9ab7b6191646.jpg@600w_500h_1e_1c'),(102,'鲜儒豆浆','https://img.meituan.net/msmerchant/e19e91f20fd2c2e2913f96207d5b6f3e192775.jpg@600w_500h_1e_1c'),(103,'齐小团·煎饼','https://img.meituan.net/msmerchant/81038d3169cd9c9c9bef5976d8c6db5862358.jpg@600w_500h_1e_1c'),(104,'齐小团·煎饼','https://img.meituan.net/msmerchant/582ab02d5022c608423c53ac43e1544959067.jpg@600w_500h_1e_1c'),(105,'齐小团·煎饼','https://img.meituan.net/msmerchant/908945872b570d285138b099e5b62da8172286.jpg@600w_500h_1e_1c'),(106,'齐小团·煎饼','https://img.meituan.net/msmerchant/d6ce15eab24d4f9df28103ea94fe17d662095.jpg@600w_500h_1e_1c'),(107,'齐小团·煎饼','https://img.meituan.net/msmerchant/e1fc247f561e12f87fd55edd811c71573190337.jpg@600w_500h_1e_1c'),(108,'齐小团·煎饼','https://img.meituan.net/msmerchant/5ae8426b09ad3a6b1474ed53aef482f53063880.jpg@600w_500h_1e_1c'),(109,'齐小团·煎饼','https://img.meituan.net/msmerchant/a3d9f8118568e1bfd6593ea3f51371173527861.jpg@600w_500h_1e_1c'),(110,'齐小团·煎饼','https://img.meituan.net/msmerchant/f62bba0a44bb397cca83322cfffbae6581094.jpg@600w_500h_1e_1c');
/*!40000 ALTER TABLE `imgbar` ENABLE KEYS */;
UNLOCK TABLES;

--
-- Table structure for table `ordertable`
--

DROP TABLE IF EXISTS `ordertable`;
/*!40101 SET @saved_cs_client     = @@character_set_client */;
 SET character_set_client = utf8mb4 ;
CREATE TABLE `ordertable` (
  `id` int(11) NOT NULL AUTO_INCREMENT,
  `user_name` varchar(45) NOT NULL,
  `food_name` varchar(100) NOT NULL,
  `price` int(11) NOT NULL,
  `totle_price` int(11) NOT NULL,
  `title_img` varchar(100) NOT NULL,
  `statu` varchar(20) NOT NULL,
  `statu_msg` varchar(10) NOT NULL,
  `shop_name` varchar(45) NOT NULL,
  `order_number` varchar(45) NOT NULL,
  `order_time` varchar(60) NOT NULL,
  `location` varchar(100) NOT NULL,
  PRIMARY KEY (`id`)
) ENGINE=InnoDB AUTO_INCREMENT=89 DEFAULT CHARSET=utf8;
/*!40101 SET character_set_client = @saved_cs_client */;

--
-- Dumping data for table `ordertable`
--

LOCK TABLES `ordertable` WRITE;
/*!40000 ALTER TABLE `ordertable` DISABLE KEYS */;
INSERT INTO `ordertable` VALUES (66,'张三666','6英寸欧式水果蛋糕（helloKitty海绵宝宝、多啦a梦）免费赠送蜡烛、配送叉盘- 1 个',48,96,'https://p0.meituan.net/deal/311b9e153de4a746947a2857e3667ea351513.jpg@360w_328h_1e_1c','已完成','完成','储缘蛋糕','1537405038495','2019-10-6','软件学院'),(67,'张三666','6英寸欧式水果蛋糕（helloKitty海绵宝宝、多啦a梦）免费赠送蜡烛、配送叉盘- 1 个',48,144,'https://p0.meituan.net/deal/311b9e153de4a746947a2857e3667ea351513.jpg@360w_328h_1e_1c','已完成','完成','储缘蛋糕','1773772817898','2019-10-6','经贸'),(68,'张三666','优质 2 人餐',128,256,'https://p0.meituan.net/deal/b1854a6dcbfbeb30edee81f37310b51a102456.jpg@360w_328h_1e_1c','已完成','完成','二回熟台式涮涮锅','1675842980279','2019-10-7','订单'),(69,'张三666','优质 2 人餐',128,256,'https://p0.meituan.net/deal/b1854a6dcbfbeb30edee81f37310b51a102456.jpg@360w_328h_1e_1c','已完成','完成','二回熟台式涮涮锅','1261860473489','2019-10-7','的打发'),(70,'张三666','豪华 2 人餐',158,474,'https://p1.meituan.net/deal/ce716fa434d912cb07cf0d952a9b47fd186818.jpg@360w_328h_1e_1c','已完成','完成','二回熟台式涮涮锅','1102906654108','2019-10-7','讲话稿讲话稿'),(71,'张三666','十三香小龙虾',118,236,'https://p1.meituan.net/deal/8680f98c73d6c10580edc9498025c5d9148486.jpg@360w_328h_1e_1c','待评价','评价','屋里香特色小龙虾','1569669480140','2019-10-7','对对对'),(82,'李四111','聚会 3-4 人餐',218,436,'https://p0.meituan.net/deal/9190c8a8115d56f2a5f8b7e70b6c4859576048.jpg@360w_328h_1e_1c','待使用','使用','二回熟台式涮涮锅','1273812989529','2019-10-7','不知道的地址'),(83,'李四111','单人牛排猪排',55,55,'http://p1.meituan.net/deal/8c91db01fe828206a677e20e5f4dc44a56887.jpg@360w_328h_1e_1c','待使用','使用','元品咖啡','1002570907269','2019-10-19','哈哈'),(84,'H小刘111','❤养胃单人餐（店长强烈推荐）',19,38,'https://p0.meituan.net/deal/ce3af9e7a3b0385158eb31316180947c665112.jpg@360w_328h_1e_1c','待使用','使用','糯雅芳粥','1782671214044','2019-10-19','地址'),(85,'umen','黄金蝴蝶虾',16,32,'http://p1.meituan.net/deal/8c91db01fe828206a677e20e5f4dc44a56887.jpg@360w_328h_1e_1c','待使用','使用','尊宝比萨','1789443889064','2019-10-21','umen'),(86,'umen','烧客自助 晚餐',79,158,'https://p1.meituan.net/deal/24d30cdc588ef4ebe64fc4387f3ddab171602.jpg@360w_328h_1e_1c','待使用','使用','烧客自助炭火烤肉','1770113986740','2019-10-21','umend'),(87,'alive','烧客自助 午餐',67,67,'https://p1.meituan.net/deal/84744f2e3d2ce9e2733305e44e6ecf4c57341.jpg@360w_328h_1e_1c','待使用','使用','烧客自助炭火烤肉','1013673192238','2019-10-21','nihao '),(88,'张三666','烧客自助 午餐',67,133,'https://p1.meituan.net/deal/84744f2e3d2ce9e2733305e44e6ecf4c57341.jpg@360w_328h_1e_1c','待使用','使用','烧客自助炭火烤肉','1172946899057','2019-10-24','软件学院');
/*!40000 ALTER TABLE `ordertable` ENABLE KEYS */;
UNLOCK TABLES;

--
-- Table structure for table `shopdetail`
--

DROP TABLE IF EXISTS `shopdetail`;
/*!40101 SET @saved_cs_client     = @@character_set_client */;
 SET character_set_client = utf8mb4 ;
CREATE TABLE `shopdetail` (
  `shop_name` varchar(50) NOT NULL,
  `img_url` varchar(200) NOT NULL,
  `food_recom` varchar(300) NOT NULL,
  `detail_location` varchar(200) NOT NULL,
  `phone` varchar(45) NOT NULL,
  `statu` varchar(5) NOT NULL,
  PRIMARY KEY (`shop_name`)
) ENGINE=InnoDB DEFAULT CHARSET=utf8;
/*!40101 SET character_set_client = @saved_cs_client */;

--
-- Dumping data for table `shopdetail`
--

LOCK TABLES `shopdetail` WRITE;
/*!40000 ALTER TABLE `shopdetail` DISABLE KEYS */;
INSERT INTO `shopdetail` VALUES ('二回熟台式涮涮锅','https://p1.meituan.net/deal/fbfff1ab08f2771f70cbf5bcf9aac445133344.jpg@1500w_640h_1e_1c','精选肥牛;福袋;精选猪肉;金针菇;台湾古早味红茶;盐酥鸡;台湾香肠;台式麻辣锅;手工虾滑;海鲜清汤;','丰泽区浦西万达广场3楼（万达影院）','13378964303','0'),('储缘蛋糕','http://p1.meituan.net/bbia/4476c225f6e072204042288f83e512c353303.jpg@1500w_640h_1e_1c','生日蛋糕;公主蛋糕;水果夹心蛋糕;汽车蛋糕;宴会蛋糕;','晋江市双景街126号','18879632003','0'),('元品咖啡','http://p0.meituan.net/apiback/64ae8f159e11e79685ebc9e1e0033725132066.jpg@1500w_640h_1e_1c','沙朗牛排;自助冰淇淋;元品猪排;爽口红茶;牛排套餐;蘑菇汤;黑胡椒猪排;火焰牛排;','晋江市新华街翠山苑15栋2层3-12号店（实验小学对面）','18879632003','0'),('启达蛋糕','https://p0.meituan.net/bbia/2d48185810228d621d9b74c280a3a952646203.jpg@1500w_640h_1e_1c','榴芒双拼;草莓花;榴莲雪漂;雪花城堡;芒果城堡;抹茶慕斯;芒果沙滩;草芒相遇;','晋江市池店镇泉安北路东山村西区32号','18879632009','0'),('哈迪斯蛋糕店','https://p0.meituan.net/deal/f4242a8e6fa4a3adde70d9b48ae7926544202.jpg@1500w_640h_1e_1c','水果蛋糕;寿桃蛋糕;奶油蛋糕;','丰泽区丰泽区环清路（西湖公园）','18879632003','0'),('尊宝比萨','http://p0.meituan.net/bbia/f6afd98ad0b0e5890ea3e3ded2332eb9184550.jpg@1500w_640h_1e_1c','苏丹王黄金果肉榴莲比萨;苏丹王榴莲;','晋江市新华街翰林春天二期102号','18879632003','0'),('屋里香特色小龙虾','https://p0.meituan.net/deal/421830dc69b1fea538cc1ccf3c43cfb822481.jpg@1500w_640h_1e_1c','','晋江市青阳街道阳光社区阳光路青莲南区10-7、10-8号','18879632003','0'),('旺坞蒸府·蒸汽海鲜','https://img.meituan.net/msmerchant/1a0125d05ea37944f3c793e760ab2b65151680.jpg@1500w_640h_1e_1c','小青龙;生蚝;珍宝蟹崇武鱼卷;帝王蟹;爆汁流沙包;河鳗;淮山粥锅底;','鲤城区新门街源和1916创意园旧面粉厂M12栋','18879632003','0'),('棠心甜品','https://img.meituan.net/msmerchant/5f6344c013033f6537ad0e704b57e71938454.jpg@1500w_640h_1e_1c','法式草莓卷;蛋糕卷;日本小柚子;;奥利奥咸奶油蛋糕蜜桃乌龙千层（切件）;撒椒芭乐;','鲤城区新华北路甲第门文创园2号楼1楼店面','18879632003','0'),('正新鸡排','https://p0.meituan.net/deal/bedc8962d89ee835ca027da8ff81c17165425.jpg@1500w_640h_1e_1c','正新鸡排;美味大肉串;可乐;山楂汁;香酥鸡腿堡;酸梅汁;俄罗斯大肉串B;','鲤城区新华北路开元盛世广场负一层大润发超市内','18879632003','0'),('渔纬港海鲜自助','https://p0.meituan.net/bbia/0aeb7c20b957b4c98d65ad1c664df47c596059.jpg@1500w_640h_1e_1c','罗氏虾;鲍鱼;烤生蚝;寿司;蒜蓉扇贝;阿根廷红虾;虾姑;螃蟹;冰激凌;海鲜自助餐晚餐;草虾;三文鱼;','丰泽区浦西万达广场3楼（王品台塑牛排旁）','18879632003','0'),('烧客自助炭火烤肉','https://p0.meituan.net/mogu/d9b60ebd220fee77f96ae366cf8f418e50357.jpg@1500w_640h_1e_1c','猪五花;大虾;培根包金针菇;黑椒猪排;甜筒;牛肉;美国肥牛;黑椒牛扒;','鲤城区东街中段118号金星大酒店停车场旁（军分区司令部大门旁边）','18879632003','0'),('糯雅芳粥','https://p1.meituan.net/bbia/ebf3014cab1b4c7465db52f2eb513d9d125854.jpg@1500w_640h_1e_1c','青菜瘦肉粥;皮蛋瘦肉粥;韭菜鸡蛋饼;香菇牛肉粥;萝卜丝牛肉饼;安心油条;牛肉咸蛋黄粥;红豆杂粮粥;炒鸡蛋;古法四红粥;','丰泽区田安南路祥泰大厦一楼','18879632003','0'),('蒙自源','https://img.meituan.net/msmerchant/ba0b8de41060a851f69aa4a27009235120681.jpg@1500w_640h_1e_1c','番茄牛肉过桥米线;傣味酸辣米线;番茄肥牛过桥米线;剁椒牛肉米线;傣味酸汤米线;回味素串串;泡椒牛肉米线;','晋江市世纪大道888号（近蜀巴烤鱼）万达广场3楼','18879632003','0'),('豪品世家牛排','https://p0.meituan.net/deal/d5fb31ba28aadacd67ecec964c2397d922011.jpg@1500w_640h_1e_1c','澳洲牛排;','安溪县德苑路双安寺旁','18879632003','0'),('贵族世家牛排','https://img.meituan.net/msmerchant/503ef091de5bd17b62455c31756ffc10141870.jpg@1500w_640h_1e_1c','新鲜牛排;烤生蚝;水果沙拉;冰淇淋;炒田螺;黑胡椒汁;儿童餐;水煮肉片;','丰泽区浦西万达金街3号酒楼北侧（音乐喷泉旁边）','18879632003','0'),('迎宾馆海峡西餐厅','https://p1.meituan.net/mogu/f2678bfb4c95b949423da0066734016141290.jpg@1500w_640h_1e_1c','香芋蛋糕;面线糊;牛仔骨;生鱼片;','丰泽区通港东街168号6号楼1楼','18879632003','0'),('锅鲜生·蒸汽海鲜','https://img.meituan.net/msmerchant/4a9847885f3e4a95844b313b8fa0fbc7169316.jpg@1500w_640h_1e_1c','扇贝;海虾;螃蟹;鲈鱼;白虾;生蚝;大海蚌;波士顿龙虾;排骨粥锅底;','鲤城区锦美路新天城市广场4楼','18879632003','0'),('鲜儒豆浆','https://img.meituan.net/msmerchant/80f175363aeba9bc573a70a02a7c66622805848.jpg@1500w_640h_1e_1c','招牌小油条;鸡蛋豆浆;鸡排;双蛋肠粉;水晶红豆饺;肉蛋肠粉;广式麦烧;','丰泽区福田路48号','18879632003','0'),('齐小团·煎饼','https://img.meituan.net/msmerchant/5ae8426b09ad3a6b1474ed53aef482f53063880.jpg@1500w_640h_1e_1c','齐小团芝士培根煎饼;齐小团秘制凉皮;金瓜小米粥;冰豆浆;黑椒牛魔王;饥饿巨无霸;金丝肉松煎饼;','丰泽区泉州金街宝洲路689号万达3楼麦当劳旁','18879632003','0');
/*!40000 ALTER TABLE `shopdetail` ENABLE KEYS */;
UNLOCK TABLES;

--
-- Table structure for table `user`
--

DROP TABLE IF EXISTS `user`;
/*!40101 SET @saved_cs_client     = @@character_set_client */;
 SET character_set_client = utf8mb4 ;
CREATE TABLE `user` (
  `user_id` int(11) NOT NULL AUTO_INCREMENT,
  `user_name` varchar(30) NOT NULL,
  `user_pas` varchar(50) NOT NULL,
  `register_time` varchar(45) NOT NULL,
  `power` varchar(5) NOT NULL,
  PRIMARY KEY (`user_id`)
) ENGINE=InnoDB AUTO_INCREMENT=20 DEFAULT CHARSET=utf8;
/*!40101 SET character_set_client = @saved_cs_client */;

--
-- Dumping data for table `user`
--

LOCK TABLES `user` WRITE;
/*!40000 ALTER TABLE `user` DISABLE KEYS */;
INSERT INTO `user` VALUES (11,'张三666','030024ffcb75775abd1d71a7888f8d03','2019-9-18','0'),(12,'李四111','030024ffcb75775abd1d71a7888f8d03','2019-9-18','0'),(15,'gavin2','7e69fdf853dde6e95a07173f0fbf9a31','2019-10-19','0'),(16,'Gavin','7e69fdf853dde6e95a07173f0fbf9a31','2019-10-19','1'),(17,'H小刘111','6f85bcb890671c709c8feed2e3f69a64','2019-10-19','0'),(18,'umen','8fd6dfb9080a599c942ac7032df5ff87','2019-10-21','0'),(19,'alive','8deb3dc2a8fc2358f80a1ab7a16b86a2','2019-10-21','0');
/*!40000 ALTER TABLE `user` ENABLE KEYS */;
UNLOCK TABLES;
/*!40103 SET TIME_ZONE=@OLD_TIME_ZONE */;

/*!40101 SET SQL_MODE=@OLD_SQL_MODE */;
/*!40014 SET FOREIGN_KEY_CHECKS=@OLD_FOREIGN_KEY_CHECKS */;
/*!40014 SET UNIQUE_CHECKS=@OLD_UNIQUE_CHECKS */;
/*!40101 SET CHARACTER_SET_CLIENT=@OLD_CHARACTER_SET_CLIENT */;
/*!40101 SET CHARACTER_SET_RESULTS=@OLD_CHARACTER_SET_RESULTS */;
/*!40101 SET COLLATION_CONNECTION=@OLD_COLLATION_CONNECTION */;
/*!40111 SET SQL_NOTES=@OLD_SQL_NOTES */;

-- Dump completed on 2019-10-26 20:48:12
